"2016-09-26 23:05:51.002875","74","42000  >  443 [SYN] Seq=0 Win=4380 Len=0 MSS=1460 SACK_PERM=1 TSval=51766738 TSecr=0 WS=16"
"2016-09-26 23:05:51.213467","54","42000  >  443 [ACK] Seq=1 Ack=1 Win=4384 Len=0"
"2016-09-26 23:05:51.351662","571","Client Hello"
"2016-09-26 23:05:51.589281","54","42000  >  443 [ACK] Seq=518 Ack=1461 Win=7312 Len=0"
"2016-09-26 23:05:51.589401","54","42000  >  443 [ACK] Seq=518 Ack=2921 Win=10224 Len=0"
"2016-09-26 23:05:51.589748","54","42000  >  443 [ACK] Seq=518 Ack=2976 Win=10224 Len=0"
"2016-09-26 23:05:51.603668","380","Client Key Exchange"
"2016-09-26 23:05:51.823525","54","42000  >  443 [ACK] Seq=844 Ack=3035 Win=10224 Len=0"
"2016-09-26 23:05:51.826006","1514","Application Data"
"2016-09-26 23:05:51.826100","396","Application Data"
"2016-09-26 23:05:52.045489","368","Application Data"
"2016-09-26 23:05:52.330185","54","42000  >  443 [ACK] Seq=2960 Ack=3200 Win=13152 Len=0"
"2016-09-26 23:05:53.627514","54","42000  >  443 [ACK] Seq=2960 Ack=3237 Win=13152 Len=0"
"2016-09-26 23:05:53.672591","54","42000  >  443 [ACK] Seq=2960 Ack=3238 Win=13152 Len=0"
"2016-09-26 23:20:50.812620","91","Encrypted Alert"
"2016-09-26 23:20:50.831670","54","42000  >  443 [RST"
"2016-09-26 23:20:54.605733","74","41578  >  443 [SYN] Seq=0 Win=4380 Len=0 MSS=1460 SACK_PERM=1 TSval=51998061 TSecr=0 WS=16"
"2016-09-26 23:20:54.816282","54","41578  >  443 [ACK] Seq=1 Ack=1 Win=4384 Len=0"
"2016-09-26 23:20:54.950658","571","Client Hello"
"2016-09-26 23:20:55.168305","54","41578  >  443 [ACK] Seq=518 Ack=1461 Win=7312 Len=0"
"2016-09-26 23:20:55.170176","54","41578  >  443 [ACK] Seq=518 Ack=2921 Win=10224 Len=0"
"2016-09-26 23:20:55.170272","54","41578  >  443 [ACK] Seq=518 Ack=2976 Win=10224 Len=0"
"2016-09-26 23:20:55.198291","380","Client Key Exchange"
"2016-09-26 23:20:55.417743","54","41578  >  443 [ACK] Seq=844 Ack=3035 Win=10224 Len=0"
"2016-09-26 23:20:55.419961","1514","Application Data"
"2016-09-26 23:20:55.420061","396","Application Data"
"2016-09-26 23:20:55.638360","368","Application Data"
"2016-09-26 23:20:55.898661","54","41578  >  443 [ACK] Seq=2960 Ack=3200 Win=13152 Len=0"
"2016-09-26 23:20:56.996075","54","41578  >  443 [ACK] Seq=2960 Ack=3237 Win=13152 Len=0"
"2016-09-26 23:20:57.034719","54","41578  >  443 [ACK] Seq=2960 Ack=3238 Win=13152 Len=0"
"2016-09-26 23:35:51.015769","74","42853  >  443 [SYN] Seq=0 Win=4380 Len=0 MSS=1460 SACK_PERM=1 TSval=52227539 TSecr=0 WS=16"
"2016-09-26 23:35:51.237903","54","42853  >  443 [ACK] Seq=1 Ack=1 Win=4384 Len=0"
"2016-09-26 23:35:51.393821","571","Client Hello"
"2016-09-26 23:35:51.618616","54","42853  >  443 [ACK] Seq=518 Ack=1461 Win=7312 Len=0"
"2016-09-26 23:35:51.618862","54","42853  >  443 [ACK] Seq=518 Ack=2921 Win=10224 Len=0"
"2016-09-26 23:35:51.618966","54","42853  >  443 [ACK] Seq=518 Ack=2976 Win=10224 Len=0"
"2016-09-26 23:35:51.631208","380","Client Key Exchange"
"2016-09-26 23:35:51.867738","54","42853  >  443 [ACK] Seq=844 Ack=3035 Win=10224 Len=0"
"2016-09-26 23:35:51.870128","1514","Application Data"
"2016-09-26 23:35:51.870229","396","Application Data"
"2016-09-26 23:35:52.090224","368","Application Data"
"2016-09-26 23:35:52.372144","54","42853  >  443 [ACK] Seq=2960 Ack=3200 Win=13152 Len=0"
"2016-09-26 23:35:53.444960","54","42853  >  443 [ACK] Seq=2960 Ack=3237 Win=13152 Len=0"
"2016-09-26 23:35:53.483697","54","42853  >  443 [ACK] Seq=2960 Ack=3238 Win=13152 Len=0"
"2016-09-26 23:50:50.821489","91","Encrypted Alert"
"2016-09-26 23:50:50.852468","54","42853  >  443 [RST"
"2016-09-27 00:50:51.026165","74","47367  >  443 [SYN] Seq=0 Win=4380 Len=0 MSS=1460 SACK_PERM=1 TSval=53379545 TSecr=0 WS=16"
"2016-09-27 00:50:51.248372","54","47367  >  443 [ACK] Seq=1 Ack=1 Win=4384 Len=0"
"2016-09-27 00:50:51.388706","571","Client Hello"
"2016-09-27 00:50:51.635569","54","47367  >  443 [ACK] Seq=518 Ack=1461 Win=7312 Len=0"
"2016-09-27 00:50:51.638835","54","47367  >  443 [ACK] Seq=518 Ack=2921 Win=10224 Len=0"
"2016-09-27 00:50:51.638924","54","47367  >  443 [ACK] Seq=518 Ack=2976 Win=10224 Len=0"
"2016-09-27 00:50:51.656003","380","Client Key Exchange"
"2016-09-27 00:50:51.893837","54","47367  >  443 [ACK] Seq=844 Ack=3035 Win=10224 Len=0"
"2016-09-27 00:50:51.896202","1514","Application Data"
"2016-09-27 00:50:51.896305","396","Application Data"
"2016-09-27 00:50:52.115804","368","Application Data"
"2016-09-27 00:50:52.389852","54","47367  >  443 [ACK] Seq=2960 Ack=3200 Win=13152 Len=0"
"2016-09-27 00:50:53.350109","54","47367  >  443 [ACK] Seq=2960 Ack=3237 Win=13152 Len=0"
"2016-09-27 00:50:53.388737","54","47367  >  443 [ACK] Seq=2960 Ack=3238 Win=13152 Len=0"
"2016-09-27 01:05:50.811852","91","Encrypted Alert"
"2016-09-27 01:05:50.844311","54","47367  >  443 [RST"
"2016-09-27 01:50:51.066226","74","58953  >  443 [SYN] Seq=0 Win=4380 Len=0 MSS=1460 SACK_PERM=1 TSval=54301154 TSecr=0 WS=16"
"2016-09-27 01:50:51.279673","54","58953  >  443 [ACK] Seq=1 Ack=1 Win=4384 Len=0"
"2016-09-27 01:50:51.416876","571","Client Hello"
"2016-09-27 01:50:51.628879","54","58953  >  443 [ACK] Seq=518 Ack=1461 Win=7312 Len=0"
"2016-09-27 01:50:51.631659","54","58953  >  443 [ACK] Seq=518 Ack=2921 Win=10224 Len=0"
"2016-09-27 01:50:51.631754","54","58953  >  443 [ACK] Seq=518 Ack=2976 Win=10224 Len=0"
"2016-09-27 01:50:51.643275","380","Client Key Exchange"
"2016-09-27 01:50:51.866175","54","58953  >  443 [ACK] Seq=844 Ack=3035 Win=10224 Len=0"
"2016-09-27 01:50:51.869037","1514","Application Data"
"2016-09-27 01:50:51.869154","396","Application Data"
"2016-09-27 01:50:52.085377","368","Application Data"
"2016-09-27 01:50:52.346691","54","58953  >  443 [ACK] Seq=2960 Ack=3200 Win=13152 Len=0"
"2016-09-27 01:50:53.585652","54","58953  >  443 [ACK] Seq=2960 Ack=3237 Win=13152 Len=0"
"2016-09-27 01:50:53.624086","54","58953  >  443 [ACK] Seq=2960 Ack=3238 Win=13152 Len=0"
"2016-09-27 02:05:50.821909","91","Encrypted Alert"
"2016-09-27 02:05:50.839646","54","58953  >  443 [RST"
"2016-09-27 02:50:50.865970","74","33764  >  443 [SYN] Seq=0 Win=4380 Len=0 MSS=1460 SACK_PERM=1 TSval=55222703 TSecr=0 WS=16"
"2016-09-27 02:50:51.073204","54","33764  >  443 [ACK] Seq=1 Ack=1 Win=4384 Len=0"
"2016-09-27 02:50:51.201822","571","Client Hello"
"2016-09-27 02:50:51.413507","54","33764  >  443 [ACK] Seq=518 Ack=1461 Win=7312 Len=0"
"2016-09-27 02:50:51.413622","54","33764  >  443 [ACK] Seq=518 Ack=2921 Win=10224 Len=0"
"2016-09-27 02:50:51.413687","54","33764  >  443 [ACK] Seq=518 Ack=2976 Win=10224 Len=0"
"2016-09-27 02:50:51.426986","380","Client Key Exchange"
"2016-09-27 02:50:51.648058","54","33764  >  443 [ACK] Seq=844 Ack=3035 Win=10224 Len=0"
"2016-09-27 02:50:51.654103","1514","Application Data"
"2016-09-27 02:50:51.654202","396","Application Data"
"2016-09-27 02:50:51.870024","368","Application Data"
"2016-09-27 02:50:52.131400","54","33764  >  443 [ACK] Seq=2960 Ack=3200 Win=13152 Len=0"
"2016-09-27 02:50:53.123961","54","33764  >  443 [ACK] Seq=2960 Ack=3237 Win=13152 Len=0"
"2016-09-27 02:50:53.162693","54","33764  >  443 [ACK] Seq=2960 Ack=3238 Win=13152 Len=0"
"2016-09-27 03:05:50.839648","91","Encrypted Alert"
"2016-09-27 03:05:50.859759","54","33764  >  443 [RST"
"2016-09-27 03:20:51.049712","74","37478  >  443 [SYN] Seq=0 Win=4380 Len=0 MSS=1460 SACK_PERM=1 TSval=55683549 TSecr=0 WS=16"
"2016-09-27 03:20:51.259964","54","37478  >  443 [ACK] Seq=1 Ack=1 Win=4384 Len=0"
"2016-09-27 03:20:51.414265","571","Client Hello"
"2016-09-27 03:20:51.635464","54","37478  >  443 [ACK] Seq=518 Ack=1461 Win=7312 Len=0"
"2016-09-27 03:20:51.638688","54","37478  >  443 [ACK] Seq=518 Ack=2921 Win=10224 Len=0"
"2016-09-27 03:20:51.638795","54","37478  >  443 [ACK] Seq=518 Ack=2976 Win=10224 Len=0"
"2016-09-27 03:20:51.647504","380","Client Key Exchange"
"2016-09-27 03:20:51.870127","54","37478  >  443 [ACK] Seq=844 Ack=3035 Win=10224 Len=0"
"2016-09-27 03:20:51.872433","1514","Application Data"
"2016-09-27 03:20:51.872525","396","Application Data"
"2016-09-27 03:20:52.088077","368","Application Data"
"2016-09-27 03:20:52.349529","54","37478  >  443 [ACK] Seq=2960 Ack=3200 Win=13152 Len=0"
"2016-09-27 03:20:53.705319","54","37478  >  443 [ACK] Seq=2960 Ack=3237 Win=13152 Len=0"
"2016-09-27 03:20:53.744014","54","37478  >  443 [ACK] Seq=2960 Ack=3238 Win=13152 Len=0"
"2016-09-27 03:35:50.835916","91","Encrypted Alert"
"2016-09-27 03:35:50.853806","54","37478  >  443 [RST"
"2016-09-27 04:20:54.934844","74","39612  >  443 [SYN] Seq=0 Win=4380 Len=0 MSS=1460 SACK_PERM=1 TSval=56606144 TSecr=0 WS=16"
"2016-09-27 04:20:55.156959","54","39612  >  443 [ACK] Seq=1 Ack=1 Win=4384 Len=0"
"2016-09-27 04:20:55.280099","571","Client Hello"
"2016-09-27 04:20:55.513537","54","39612  >  443 [ACK] Seq=518 Ack=1461 Win=7312 Len=0"
"2016-09-27 04:20:55.513665","54","39612  >  443 [ACK] Seq=518 Ack=2921 Win=10224 Len=0"
"2016-09-27 04:20:55.513733","54","39612  >  443 [ACK] Seq=518 Ack=2976 Win=10224 Len=0"
"2016-09-27 04:20:55.523334","380","Client Key Exchange"
"2016-09-27 04:20:55.751445","54","39612  >  443 [ACK] Seq=844 Ack=3035 Win=10224 Len=0"
"2016-09-27 04:20:55.753787","1514","Application Data"
"2016-09-27 04:20:55.753881","396","Application Data"
"2016-09-27 04:20:55.973415","368","Application Data"
"2016-09-27 04:20:56.242574","54","39612  >  443 [ACK] Seq=2960 Ack=3200 Win=13152 Len=0"
"2016-09-27 04:20:57.470288","54","39612  >  443 [ACK] Seq=2960 Ack=3237 Win=13152 Len=0"
"2016-09-27 04:20:57.508234","54","39612  >  443 [ACK] Seq=2960 Ack=3238 Win=13152 Len=0"
"2016-09-27 04:35:50.818440","91","Encrypted Alert"
"2016-09-27 04:35:50.852177","54","39612  >  443 [RST"
"2016-09-27 05:20:51.024391","74","35841  >  443 [SYN] Seq=0 Win=4380 Len=0 MSS=1460 SACK_PERM=1 TSval=57526743 TSecr=0 WS=16"
"2016-09-27 05:20:51.245252","54","35841  >  443 [ACK] Seq=1 Ack=1 Win=4384 Len=0"
"2016-09-27 05:20:51.399477","571","Client Hello"
"2016-09-27 05:20:51.621005","54","35841  >  443 [ACK] Seq=518 Ack=1461 Win=7312 Len=0"
"2016-09-27 05:20:51.621119","54","35841  >  443 [ACK] Seq=518 Ack=2921 Win=10224 Len=0"
"2016-09-27 05:20:51.621368","54","35841  >  443 [ACK] Seq=518 Ack=2976 Win=10224 Len=0"
"2016-09-27 05:20:51.637040","380","Client Key Exchange"
"2016-09-27 05:20:51.878798","54","35841  >  443 [ACK] Seq=844 Ack=3035 Win=10224 Len=0"
"2016-09-27 05:20:51.881894","1514","Application Data"
"2016-09-27 05:20:51.882924","396","Application Data"
"2016-09-27 05:20:52.112505","368","Application Data"
"2016-09-27 05:20:52.385556","54","35841  >  443 [ACK] Seq=2960 Ack=3200 Win=13152 Len=0"
"2016-09-27 05:20:53.612530","54","35841  >  443 [ACK] Seq=2960 Ack=3237 Win=13152 Len=0"
"2016-09-27 05:20:53.651376","54","35841  >  443 [ACK] Seq=2960 Ack=3238 Win=13152 Len=0"
"2016-09-27 05:35:50.830449","91","Encrypted Alert"
"2016-09-27 05:35:50.864154","54","35841  >  443 [RST"
"2016-09-27 06:20:51.162205","74","58241  >  443 [SYN] Seq=0 Win=4380 Len=0 MSS=1460 SACK_PERM=1 TSval=58448378 TSecr=0 WS=16"
"2016-09-27 06:20:51.386269","54","58241  >  443 [ACK] Seq=1 Ack=1 Win=4384 Len=0"
"2016-09-27 06:20:51.509839","571","Client Hello"
"2016-09-27 06:20:51.737693","54","58241  >  443 [ACK] Seq=518 Ack=1461 Win=7312 Len=0"
"2016-09-27 06:20:51.740385","54","58241  >  443 [ACK] Seq=518 Ack=2921 Win=10224 Len=0"
"2016-09-27 06:20:51.740479","54","58241  >  443 [ACK] Seq=518 Ack=2976 Win=10224 Len=0"
"2016-09-27 06:20:51.749633","380","Client Key Exchange"
"2016-09-27 06:20:52.006714","54","58241  >  443 [ACK] Seq=844 Ack=3035 Win=10224 Len=0"
"2016-09-27 06:20:52.014931","1514","Application Data"
"2016-09-27 06:20:52.015752","396","Application Data"
"2016-09-27 06:20:52.239626","368","Application Data"
"2016-09-27 06:20:52.512742","54","58241  >  443 [ACK] Seq=2960 Ack=3200 Win=13152 Len=0"
"2016-09-27 06:20:53.575602","54","58241  >  443 [ACK] Seq=2960 Ack=3237 Win=13152 Len=0"
"2016-09-27 06:20:53.614356","54","58241  >  443 [ACK] Seq=2960 Ack=3238 Win=13152 Len=0"
"2016-09-27 06:35:50.852548","91","Encrypted Alert"
"2016-09-27 06:35:50.871927","54","58241  >  443 [RST"
"2016-09-27 06:50:53.851085","74","33463  >  443 [SYN] Seq=0 Win=4380 Len=0 MSS=1460 SACK_PERM=1 TSval=58909865 TSecr=0 WS=16"
"2016-09-27 06:50:54.073304","54","33463  >  443 [ACK] Seq=1 Ack=1 Win=4384 Len=0"
"2016-09-27 06:50:54.186952","571","Client Hello"
"2016-09-27 06:50:54.413681","54","33463  >  443 [ACK] Seq=518 Ack=1461 Win=7312 Len=0"
"2016-09-27 06:50:54.416828","54","33463  >  443 [ACK] Seq=518 Ack=2921 Win=10224 Len=0"
"2016-09-27 06:50:54.416917","54","33463  >  443 [ACK] Seq=518 Ack=2976 Win=10224 Len=0"
"2016-09-27 06:50:54.428321","380","Client Key Exchange"
"2016-09-27 06:50:54.659980","54","33463  >  443 [ACK] Seq=844 Ack=3035 Win=10224 Len=0"
"2016-09-27 06:50:54.662535","1514","Application Data"
"2016-09-27 06:50:54.662627","396","Application Data"
"2016-09-27 06:50:54.881929","368","Application Data"
"2016-09-27 06:50:55.162424","54","33463  >  443 [ACK] Seq=2960 Ack=3200 Win=13152 Len=0"
"2016-09-27 06:50:56.405552","54","33463  >  443 [ACK] Seq=2960 Ack=3237 Win=13152 Len=0"
"2016-09-27 06:50:56.444079","54","33463  >  443 [ACK] Seq=2960 Ack=3238 Win=13152 Len=0"
"2016-09-27 07:05:55.265914","74","42934  >  443 [SYN] Seq=0 Win=4380 Len=0 MSS=1460 SACK_PERM=1 TSval=59140628 TSecr=0 WS=16"
"2016-09-27 07:05:55.489667","54","42934  >  443 [ACK] Seq=1 Ack=1 Win=4384 Len=0"
"2016-09-27 07:05:55.616901","571","Client Hello"
"2016-09-27 07:05:55.840142","54","42934  >  443 [ACK] Seq=518 Ack=1461 Win=7312 Len=0"
"2016-09-27 07:05:55.841081","54","42934  >  443 [ACK] Seq=518 Ack=2921 Win=10224 Len=0"
"2016-09-27 07:05:55.841172","54","42934  >  443 [ACK] Seq=518 Ack=2976 Win=10224 Len=0"
"2016-09-27 07:05:55.865062","380","Client Key Exchange"
"2016-09-27 07:05:56.098510","54","42934  >  443 [ACK] Seq=844 Ack=3035 Win=10224 Len=0"
"2016-09-27 07:05:56.104176","1514","Application Data"
"2016-09-27 07:05:56.104282","396","Application Data"
"2016-09-27 07:05:56.331908","368","Application Data"
"2016-09-27 07:05:56.640162","54","42934  >  443 [ACK] Seq=2960 Ack=3200 Win=13152 Len=0"
"2016-09-27 07:05:57.902487","54","42934  >  443 [ACK] Seq=2960 Ack=3237 Win=13152 Len=0"
"2016-09-27 07:05:57.941404","54","42934  >  443 [ACK] Seq=2960 Ack=3238 Win=13152 Len=0"
"2016-09-27 07:20:50.848662","91","Encrypted Alert"
"2016-09-27 07:20:50.867116","54","42934  >  443 [RST"
"2016-09-27 07:20:51.025415","74","49943  >  443 [SYN] Seq=0 Win=4380 Len=0 MSS=1460 SACK_PERM=1 TSval=59369943 TSecr=0 WS=16"
"2016-09-27 07:20:51.246810","54","49943  >  443 [ACK] Seq=1 Ack=1 Win=4384 Len=0"
"2016-09-27 07:20:51.391643","571","Client Hello"
"2016-09-27 07:20:51.618547","54","49943  >  443 [ACK] Seq=518 Ack=1461 Win=7312 Len=0"
"2016-09-27 07:20:51.618660","54","49943  >  443 [ACK] Seq=518 Ack=2921 Win=10224 Len=0"
"2016-09-27 07:20:51.618726","54","49943  >  443 [ACK] Seq=518 Ack=2976 Win=10224 Len=0"
"2016-09-27 07:20:51.632729","380","Client Key Exchange"
"2016-09-27 07:20:51.864908","54","49943  >  443 [ACK] Seq=844 Ack=3035 Win=10224 Len=0"
"2016-09-27 07:20:51.867016","1514","Application Data"
"2016-09-27 07:20:51.867111","396","Application Data"
"2016-09-27 07:20:52.092180","368","Application Data"
"2016-09-27 07:20:52.363687","54","49943  >  443 [ACK] Seq=2960 Ack=3200 Win=13152 Len=0"
"2016-09-27 07:20:53.438477","54","49943  >  443 [ACK] Seq=2960 Ack=3237 Win=13152 Len=0"
"2016-09-27 07:20:53.476965","54","49943  >  443 [ACK] Seq=2960 Ack=3238 Win=13152 Len=0"
"2016-09-27 07:35:50.867888","91","Encrypted Alert"
"2016-09-27 07:35:50.883344","54","49943  >  443 [RST"
"2016-09-27 07:35:51.042396","74","52986  >  443 [SYN] Seq=0 Win=4380 Len=0 MSS=1460 SACK_PERM=1 TSval=59600347 TSecr=0 WS=16"
"2016-09-27 07:35:51.264679","54","52986  >  443 [ACK] Seq=1 Ack=1 Win=4384 Len=0"
"2016-09-27 07:35:51.415308","571","Client Hello"
"2016-09-27 07:35:51.640254","54","52986  >  443 [ACK] Seq=518 Ack=1461 Win=7312 Len=0"
"2016-09-27 07:35:51.640927","54","52986  >  443 [ACK] Seq=518 Ack=2921 Win=10224 Len=0"
"2016-09-27 07:35:51.641018","54","52986  >  443 [ACK] Seq=518 Ack=2976 Win=10224 Len=0"
"2016-09-27 07:35:51.657752","380","Client Key Exchange"
"2016-09-27 07:35:51.894305","54","52986  >  443 [ACK] Seq=844 Ack=3035 Win=10224 Len=0"
"2016-09-27 07:35:51.896606","1514","Application Data"
"2016-09-27 07:35:51.896701","396","Application Data"
"2016-09-27 07:35:52.116151","368","Application Data"
"2016-09-27 07:35:52.389498","54","52986  >  443 [ACK] Seq=2960 Ack=3200 Win=13152 Len=0"
"2016-09-27 07:35:53.698198","54","52986  >  443 [ACK] Seq=2960 Ack=3237 Win=13152 Len=0"
"2016-09-27 07:35:53.737230","54","52986  >  443 [ACK] Seq=2960 Ack=3238 Win=13152 Len=0"
"2016-09-27 09:05:51.049202","74","51377  >  443 [SYN] Seq=0 Win=4380 Len=0 MSS=1460 SACK_PERM=1 TSval=60982748 TSecr=0 WS=16"
"2016-09-27 09:05:51.259266","54","51377  >  443 [ACK] Seq=1 Ack=1 Win=4384 Len=0"
"2016-09-27 09:05:51.413109","571","Client Hello"
"2016-09-27 09:05:51.626038","54","51377  >  443 [ACK] Seq=518 Ack=1461 Win=7312 Len=0"
"2016-09-27 09:05:51.626141","54","51377  >  443 [ACK] Seq=518 Ack=2921 Win=10224 Len=0"
"2016-09-27 09:05:51.626204","54","51377  >  443 [ACK] Seq=518 Ack=2976 Win=10224 Len=0"
"2016-09-27 09:05:51.655044","380","Client Key Exchange"
"2016-09-27 09:05:51.880475","54","51377  >  443 [ACK] Seq=844 Ack=3035 Win=10224 Len=0"
"2016-09-27 09:05:51.883292","1514","Application Data"
"2016-09-27 09:05:51.883391","396","Application Data"
"2016-09-27 09:05:52.125839","368","Application Data"
"2016-09-27 09:05:52.389963","54","51377  >  443 [ACK] Seq=2960 Ack=3200 Win=13152 Len=0"
"2016-09-27 09:05:53.477937","54","51377  >  443 [ACK] Seq=2960 Ack=3237 Win=13152 Len=0"
"2016-09-27 09:05:53.516578","54","51377  >  443 [ACK] Seq=2960 Ack=3238 Win=13152 Len=0"
"2016-09-27 09:20:50.851657","91","Encrypted Alert"
"2016-09-27 09:20:50.869418","54","51377  >  443 [RST"
"2016-09-27 09:50:51.033008","74","49951  >  443 [SYN] Seq=0 Win=4380 Len=0 MSS=1460 SACK_PERM=1 TSval=61673944 TSecr=0 WS=16"
"2016-09-27 09:50:51.255101","54","49951  >  443 [ACK] Seq=1 Ack=1 Win=4384 Len=0"
"2016-09-27 09:50:51.398138","571","Client Hello"
"2016-09-27 09:50:51.625084","54","49951  >  443 [ACK] Seq=518 Ack=1461 Win=7312 Len=0"
"2016-09-27 09:50:51.625187","54","49951  >  443 [ACK] Seq=518 Ack=2921 Win=10224 Len=0"
"2016-09-27 09:50:51.625251","54","49951  >  443 [ACK] Seq=518 Ack=2976 Win=10224 Len=0"
"2016-09-27 09:50:51.635996","380","Client Key Exchange"
"2016-09-27 09:50:51.865357","54","49951  >  443 [ACK] Seq=844 Ack=3035 Win=10224 Len=0"
"2016-09-27 09:50:51.867396","1514","Application Data"
"2016-09-27 09:50:51.867646","396","Application Data"
"2016-09-27 09:50:52.087191","368","Application Data"
"2016-09-27 09:50:52.379508","54","49951  >  443 [ACK] Seq=2960 Ack=3200 Win=13152 Len=0"
"2016-09-27 09:50:53.429481","54","49951  >  443 [ACK] Seq=2960 Ack=3237 Win=13152 Len=0"
"2016-09-27 09:50:53.452125","54","49951  >  443 [ACK] Seq=2960 Ack=3238 Win=13152 Len=0"
"2016-09-27 10:05:50.856654","91","Encrypted Alert"
"2016-09-27 10:05:50.878967","54","49951  >  443 [RST"
"2016-09-27 10:05:50.895686","74","41711  >  443 [SYN] Seq=0 Win=4380 Len=0 MSS=1460 SACK_PERM=1 TSval=61904309 TSecr=0 WS=16"
"2016-09-27 10:05:51.117943","54","41711  >  443 [ACK] Seq=1 Ack=1 Win=4384 Len=0"
"2016-09-27 10:05:51.260685","571","Client Hello"
"2016-09-27 10:05:51.486269","54","41711  >  443 [ACK] Seq=518 Ack=1461 Win=7312 Len=0"
"2016-09-27 10:05:51.486881","54","41711  >  443 [ACK] Seq=518 Ack=2921 Win=10224 Len=0"
"2016-09-27 10:05:51.487298","54","41711  >  443 [ACK] Seq=518 Ack=2976 Win=10224 Len=0"
"2016-09-27 10:05:51.539010","380","Client Key Exchange"
"2016-09-27 10:05:51.688280","54","[TCP Dup ACK 240183#1] 41711  >  443 [ACK] Seq=844 Ack=2976 Win=10224 Len=0"
"2016-09-27 10:05:51.711571","54","[TCP Dup ACK 240183#2] 41711  >  443 [ACK] Seq=844 Ack=2976 Win=10224 Len=0"
"2016-09-27 10:05:51.773945","54","41711  >  443 [ACK] Seq=844 Ack=2982 Win=10224 Len=0"
"2016-09-27 10:05:51.775409","54","41711  >  443 [ACK] Seq=844 Ack=3035 Win=10224 Len=0"
"2016-09-27 10:05:51.775502","1514","Application Data"
"2016-09-27 10:05:51.775573","396","Application Data"
"2016-09-27 10:05:52.004706","368","Application Data"
"2016-09-27 10:05:52.278053","54","41711  >  443 [ACK] Seq=2960 Ack=3200 Win=13152 Len=0"
"2016-09-27 10:05:53.598379","54","41711  >  443 [ACK] Seq=2960 Ack=3237 Win=13152 Len=0"
"2016-09-27 10:05:53.637140","54","41711  >  443 [ACK] Seq=2960 Ack=3238 Win=13152 Len=0"
"2016-09-27 10:20:50.870939","91","Encrypted Alert"
"2016-09-27 10:20:50.892419","54","41711  >  443 [RST"
"2016-09-27 11:05:55.613235","74","46697  >  443 [SYN] Seq=0 Win=4380 Len=0 MSS=1460 SACK_PERM=1 TSval=62827115 TSecr=0 WS=16"
"2016-09-27 11:05:55.831606","54","46697  >  443 [ACK] Seq=1 Ack=1 Win=4384 Len=0"
"2016-09-27 11:05:55.972207","571","Client Hello"
"2016-09-27 11:05:56.195229","54","46697  >  443 [ACK] Seq=518 Ack=1461 Win=7312 Len=0"
"2016-09-27 11:05:56.198513","54","46697  >  443 [ACK] Seq=518 Ack=2921 Win=10224 Len=0"
"2016-09-27 11:05:56.198602","54","46697  >  443 [ACK] Seq=518 Ack=2976 Win=10224 Len=0"
"2016-09-27 11:05:56.220810","380","Client Key Exchange"
"2016-09-27 11:05:56.453286","54","46697  >  443 [ACK] Seq=844 Ack=3035 Win=10224 Len=0"
"2016-09-27 11:05:56.456305","1514","Application Data"
"2016-09-27 11:05:56.456434","396","Application Data"
"2016-09-27 11:05:56.675039","368","Application Data"
"2016-09-27 11:05:56.949779","54","46697  >  443 [ACK] Seq=2960 Ack=3200 Win=13152 Len=0"
"2016-09-27 11:05:58.292664","54","46697  >  443 [ACK] Seq=2960 Ack=3237 Win=13152 Len=0"
"2016-09-27 11:05:58.331564","54","46697  >  443 [ACK] Seq=2960 Ack=3238 Win=13152 Len=0"
"2016-09-27 11:20:50.854199","91","Encrypted Alert"
"2016-09-27 11:20:50.887049","54","46697  >  443 [RST"
"2016-09-27 11:20:51.044534","74","60321  >  443 [SYN] Seq=0 Win=4380 Len=0 MSS=1460 SACK_PERM=1 TSval=63056345 TSecr=0 WS=16"
"2016-09-27 11:20:51.269839","54","60321  >  443 [ACK] Seq=1 Ack=1 Win=4384 Len=0"
"2016-09-27 11:20:51.422685","571","Client Hello"
"2016-09-27 11:20:51.645913","54","60321  >  443 [ACK] Seq=518 Ack=1461 Win=7312 Len=0"
"2016-09-27 11:20:51.646029","54","60321  >  443 [ACK] Seq=518 Ack=2921 Win=10224 Len=0"
"2016-09-27 11:20:51.646092","54","60321  >  443 [ACK] Seq=518 Ack=2976 Win=10224 Len=0"
"2016-09-27 11:20:51.671782","380","Client Key Exchange"
"2016-09-27 11:20:51.909487","54","60321  >  443 [ACK] Seq=844 Ack=3035 Win=10224 Len=0"
"2016-09-27 11:20:51.909620","1514","Application Data"
"2016-09-27 11:20:51.910115","396","Application Data"
"2016-09-27 11:20:52.129638","368","Application Data"
"2016-09-27 11:20:52.402701","54","60321  >  443 [ACK] Seq=2960 Ack=3200 Win=13152 Len=0"
"2016-09-27 11:20:53.664795","54","60321  >  443 [ACK] Seq=2960 Ack=3237 Win=13152 Len=0"
"2016-09-27 11:20:53.703443","54","60321  >  443 [ACK] Seq=2960 Ack=3238 Win=13152 Len=0"
"2016-09-27 11:50:55.314939","74","55891  >  443 [SYN] Seq=0 Win=4380 Len=0 MSS=1460 SACK_PERM=1 TSval=63518239 TSecr=0 WS=16"
"2016-09-27 11:50:55.537193","54","55891  >  443 [ACK] Seq=1 Ack=1 Win=4384 Len=0"
"2016-09-27 11:50:55.650771","571","Client Hello"
"2016-09-27 11:50:55.875178","54","55891  >  443 [ACK] Seq=518 Ack=1461 Win=7312 Len=0"
"2016-09-27 11:50:55.875275","54","55891  >  443 [ACK] Seq=518 Ack=2921 Win=10224 Len=0"
"2016-09-27 11:50:55.875778","54","55891  >  443 [ACK] Seq=518 Ack=2976 Win=10224 Len=0"
"2016-09-27 11:50:55.888324","380","Client Key Exchange"
"2016-09-27 11:50:56.121331","54","55891  >  443 [ACK] Seq=844 Ack=3035 Win=10224 Len=0"
"2016-09-27 11:50:56.123629","1514","Application Data"
"2016-09-27 11:50:56.123726","396","Application Data"
"2016-09-27 11:50:56.343611","368","Application Data"
"2016-09-27 11:50:56.616304","54","55891  >  443 [ACK] Seq=2960 Ack=3200 Win=13152 Len=0"
"2016-09-27 11:50:57.809462","54","55891  >  443 [ACK] Seq=2960 Ack=3237 Win=13152 Len=0"
"2016-09-27 11:50:57.849122","54","55891  >  443 [ACK] Seq=2960 Ack=3238 Win=13152 Len=0"
"2016-09-27 12:05:50.877536","91","Encrypted Alert"
"2016-09-27 12:05:50.907200","54","55891  >  443 [RST"
"2016-09-27 12:05:51.102045","74","53511  >  443 [SYN] Seq=0 Win=4380 Len=0 MSS=1460 SACK_PERM=1 TSval=63747559 TSecr=0 WS=16"
"2016-09-27 12:05:51.329804","54","53511  >  443 [ACK] Seq=1 Ack=1 Win=4384 Len=0"
"2016-09-27 12:05:51.451891","571","Client Hello"
"2016-09-27 12:05:51.682063","54","53511  >  443 [ACK] Seq=518 Ack=1461 Win=7312 Len=0"
"2016-09-27 12:05:51.682178","54","53511  >  443 [ACK] Seq=518 Ack=2921 Win=10224 Len=0"
"2016-09-27 12:05:51.682241","54","53511  >  443 [ACK] Seq=518 Ack=2976 Win=10224 Len=0"
"2016-09-27 12:05:51.696871","380","Client Key Exchange"
"2016-09-27 12:05:51.928376","54","53511  >  443 [ACK] Seq=844 Ack=3035 Win=10224 Len=0"
"2016-09-27 12:05:51.931762","1514","Application Data"
"2016-09-27 12:05:51.932207","396","Application Data"
"2016-09-27 12:05:52.160911","368","Application Data"
"2016-09-27 12:05:52.437651","54","53511  >  443 [ACK] Seq=2960 Ack=3200 Win=13152 Len=0"
"2016-09-27 12:05:53.696178","54","53511  >  443 [ACK] Seq=2960 Ack=3237 Win=13152 Len=0"
"2016-09-27 12:05:53.734702","54","53511  >  443 [ACK] Seq=2960 Ack=3238 Win=13152 Len=0"
"2016-09-27 12:20:50.872725","91","Encrypted Alert"
"2016-09-27 12:20:50.890649","54","53511  >  443 [RST"
"2016-09-27 12:20:50.911610","74","46838  >  443 [SYN] Seq=0 Win=4380 Len=0 MSS=1460 SACK_PERM=1 TSval=63977912 TSecr=0 WS=16"
"2016-09-27 12:20:51.134391","54","46838  >  443 [ACK] Seq=1 Ack=1 Win=4384 Len=0"
"2016-09-27 12:20:51.284589","571","Client Hello"
"2016-09-27 12:20:51.511612","54","46838  >  443 [ACK] Seq=518 Ack=1461 Win=7312 Len=0"
"2016-09-27 12:20:51.511727","54","46838  >  443 [ACK] Seq=518 Ack=2921 Win=10224 Len=0"
"2016-09-27 12:20:51.511791","54","46838  >  443 [ACK] Seq=518 Ack=2976 Win=10224 Len=0"
"2016-09-27 12:20:51.523444","380","Client Key Exchange"
"2016-09-27 12:20:51.754556","54","46838  >  443 [ACK] Seq=844 Ack=3035 Win=10224 Len=0"
"2016-09-27 12:20:51.754677","1514","Application Data"
"2016-09-27 12:20:51.754745","396","Application Data"
"2016-09-27 12:20:51.986026","368","Application Data"
"2016-09-27 12:20:52.575471","54","46838  >  443 [ACK] Seq=2960 Ack=3200 Win=13152 Len=0"
"2016-09-27 12:20:53.603262","54","46838  >  443 [ACK] Seq=2960 Ack=3237 Win=13152 Len=0"
"2016-09-27 12:20:53.641938","54","46838  >  443 [ACK] Seq=2960 Ack=3238 Win=13152 Len=0"
"2016-09-27 12:50:50.917965","74","35891  >  443 [SYN] Seq=0 Win=4380 Len=0 MSS=1460 SACK_PERM=1 TSval=64438712 TSecr=0 WS=16"
"2016-09-27 12:50:51.139823","54","35891  >  443 [ACK] Seq=1 Ack=1 Win=4384 Len=0"
"2016-09-27 12:50:51.262691","571","Client Hello"
"2016-09-27 12:50:51.491998","54","35891  >  443 [ACK] Seq=518 Ack=1461 Win=7312 Len=0"
"2016-09-27 12:50:51.492110","54","35891  >  443 [ACK] Seq=518 Ack=2921 Win=10224 Len=0"
"2016-09-27 12:50:51.492173","54","35891  >  443 [ACK] Seq=518 Ack=2976 Win=10224 Len=0"
"2016-09-27 12:50:51.506096","380","Client Key Exchange"
"2016-09-27 12:50:51.738478","54","35891  >  443 [ACK] Seq=844 Ack=3035 Win=10224 Len=0"
"2016-09-27 12:50:51.741222","1514","Application Data"
"2016-09-27 12:50:51.741338","396","Application Data"
"2016-09-27 12:50:51.960116","368","Application Data"
"2016-09-27 12:50:52.233258","54","35891  >  443 [ACK] Seq=2960 Ack=3200 Win=13152 Len=0"
"2016-09-27 12:50:53.436885","54","35891  >  443 [ACK] Seq=2960 Ack=3237 Win=13152 Len=0"
"2016-09-27 12:50:53.475285","54","35891  >  443 [ACK] Seq=2960 Ack=3238 Win=13152 Len=0"
"2016-09-27 13:05:50.875933","91","Encrypted Alert"
"2016-09-27 13:05:50.895514","54","35891  >  443 [RST"
"2016-09-27 13:05:51.049038","74","39097  >  443 [SYN] Seq=0 Win=4380 Len=0 MSS=1460 SACK_PERM=1 TSval=64669145 TSecr=0 WS=16"
"2016-09-27 13:05:51.269223","54","39097  >  443 [ACK] Seq=1 Ack=1 Win=4384 Len=0"
"2016-09-27 13:05:51.416426","571","Client Hello"
"2016-09-27 13:05:51.646960","54","39097  >  443 [ACK] Seq=518 Ack=1461 Win=7312 Len=0"
"2016-09-27 13:05:51.647778","54","39097  >  443 [ACK] Seq=518 Ack=2921 Win=10224 Len=0"
"2016-09-27 13:05:51.649377","54","39097  >  443 [ACK] Seq=518 Ack=2976 Win=10224 Len=0"
"2016-09-27 13:05:51.659720","380","Client Key Exchange"
"2016-09-27 13:05:51.915397","54","39097  >  443 [ACK] Seq=844 Ack=3035 Win=10224 Len=0"
"2016-09-27 13:05:51.919096","1514","Application Data"
"2016-09-27 13:05:51.919226","396","Application Data"
"2016-09-27 13:05:52.148595","368","Application Data"
"2016-09-27 13:05:52.421429","54","39097  >  443 [ACK] Seq=2960 Ack=3200 Win=13152 Len=0"
"2016-09-27 13:05:53.461403","54","39097  >  443 [ACK] Seq=2960 Ack=3237 Win=13152 Len=0"
"2016-09-27 13:05:53.499767","54","39097  >  443 [ACK] Seq=2960 Ack=3238 Win=13152 Len=0"
"2016-09-27 13:20:50.917057","91","Encrypted Alert"
"2016-09-27 13:20:50.919064","54","39097  >  443 [RST"
"2016-09-27 13:20:51.140789","74","35694  >  443 [SYN] Seq=0 Win=4380 Len=0 MSS=1460 SACK_PERM=1 TSval=64899571 TSecr=0 WS=16"
"2016-09-27 13:20:51.362979","54","35694  >  443 [ACK] Seq=1 Ack=1 Win=4384 Len=0"
"2016-09-27 13:20:51.491360","571","Client Hello"
"2016-09-27 13:20:51.719633","54","35694  >  443 [ACK] Seq=518 Ack=1461 Win=7312 Len=0"
"2016-09-27 13:20:51.719753","54","35694  >  443 [ACK] Seq=518 Ack=2921 Win=10224 Len=0"
"2016-09-27 13:20:51.719817","54","35694  >  443 [ACK] Seq=518 Ack=2976 Win=10224 Len=0"
"2016-09-27 13:20:51.740149","380","Client Key Exchange"
"2016-09-27 13:20:51.975217","54","35694  >  443 [ACK] Seq=844 Ack=3035 Win=10224 Len=0"
"2016-09-27 13:20:51.978269","1514","Application Data"
"2016-09-27 13:20:51.980552","396","Application Data"
"2016-09-27 13:20:52.206796","368","Application Data"
"2016-09-27 13:20:52.487134","54","35694  >  443 [ACK] Seq=2960 Ack=3200 Win=13152 Len=0"
"2016-09-27 13:20:53.636470","54","35694  >  443 [ACK] Seq=2960 Ack=3237 Win=13152 Len=0"
"2016-09-27 13:20:53.675680","54","35694  >  443 [ACK] Seq=2960 Ack=3238 Win=13152 Len=0"
"2016-09-27 13:50:51.047199","74","52290  >  443 [SYN] Seq=0 Win=4380 Len=0 MSS=1460 SACK_PERM=1 TSval=65360348 TSecr=0 WS=16"
"2016-09-27 13:50:51.269354","54","52290  >  443 [ACK] Seq=1 Ack=1 Win=4384 Len=0"
"2016-09-27 13:50:51.423787","571","Client Hello"
"2016-09-27 13:50:51.644785","54","52290  >  443 [ACK] Seq=518 Ack=1461 Win=7312 Len=0"
"2016-09-27 13:50:51.645020","54","[TCP Keep-Alive ACK] 52290  >  443 [ACK] Seq=518 Ack=1461 Win=7312 Len=0"
"2016-09-27 13:50:51.645106","54","52290  >  443 [ACK] Seq=518 Ack=2921 Win=10224 Len=0"
"2016-09-27 13:50:51.645509","54","52290  >  443 [ACK] Seq=518 Ack=2976 Win=10224 Len=0"
"2016-09-27 13:50:51.658422","380","Client Key Exchange"
"2016-09-27 13:50:51.891253","54","52290  >  443 [ACK] Seq=844 Ack=3035 Win=10224 Len=0"
"2016-09-27 13:50:51.908684","1514","Application Data"
"2016-09-27 13:50:51.913589","396","Application Data"
"2016-09-27 13:50:52.136592","368","Application Data"
"2016-09-27 13:50:52.397991","54","52290  >  443 [ACK] Seq=2960 Ack=3200 Win=13152 Len=0"
"2016-09-27 13:50:53.718697","54","52290  >  443 [ACK] Seq=2960 Ack=3237 Win=13152 Len=0"
"2016-09-27 13:50:53.757388","54","52290  >  443 [ACK] Seq=2960 Ack=3238 Win=13152 Len=0"
"2016-09-27 14:05:50.849607","91","Encrypted Alert"
"2016-09-27 14:05:50.882927","54","52290  >  443 [RST"
"2016-09-27 16:20:50.919557","74","36926  >  443 [SYN] Seq=0 Win=4380 Len=0 MSS=1460 SACK_PERM=1 TSval=67664316 TSecr=0 WS=16"
"2016-09-27 16:20:51.129979","54","36926  >  443 [ACK] Seq=1 Ack=1 Win=4384 Len=0"
"2016-09-27 16:20:51.267421","571","Client Hello"
"2016-09-27 16:20:51.481968","54","36926  >  443 [ACK] Seq=518 Ack=1461 Win=7312 Len=0"
"2016-09-27 16:20:51.483952","54","36926  >  443 [ACK] Seq=518 Ack=2921 Win=10224 Len=0"
"2016-09-27 16:20:51.484041","54","36926  >  443 [ACK] Seq=518 Ack=2976 Win=10224 Len=0"
"2016-09-27 16:20:51.511115","380","Client Key Exchange"
"2016-09-27 16:20:51.728331","54","36926  >  443 [ACK] Seq=844 Ack=3035 Win=10224 Len=0"
"2016-09-27 16:20:51.744911","1514","Application Data"
"2016-09-27 16:20:51.745037","396","Application Data"
"2016-09-27 16:20:51.962087","368","Application Data"
"2016-09-27 16:20:52.227873","54","36926  >  443 [ACK] Seq=2960 Ack=3200 Win=13152 Len=0"
"2016-09-27 16:20:53.391819","54","36926  >  443 [ACK] Seq=2960 Ack=3237 Win=13152 Len=0"
"2016-09-27 16:20:53.430452","54","36926  >  443 [ACK] Seq=2960 Ack=3238 Win=13152 Len=0"
"2016-09-27 16:35:50.894862","91","Alert (Level: Warning"
"2016-09-27 16:35:50.929611","54","36926  >  443 [RST"
"2016-09-27 18:35:51.076049","74","47377  >  443 [SYN] Seq=0 Win=4380 Len=0 MSS=1460 SACK_PERM=1 TSval=69737955 TSecr=0 WS=16"
"2016-09-27 18:35:51.286542","54","47377  >  443 [ACK] Seq=1 Ack=1 Win=4384 Len=0"
"2016-09-27 18:35:51.424586","571","Client Hello"
"2016-09-27 18:35:51.638591","54","47377  >  443 [ACK] Seq=518 Ack=1461 Win=7312 Len=0"
"2016-09-27 18:35:51.638706","54","47377  >  443 [ACK] Seq=518 Ack=2921 Win=10224 Len=0"
"2016-09-27 18:35:51.638774","54","47377  >  443 [ACK] Seq=518 Ack=2976 Win=10224 Len=0"
"2016-09-27 18:35:51.653324","380","Client Key Exchange"
"2016-09-27 18:35:51.881071","54","47377  >  443 [ACK] Seq=844 Ack=3035 Win=10224 Len=0"
"2016-09-27 18:35:51.883562","1514","Application Data"
"2016-09-27 18:35:51.883661","396","Application Data"
"2016-09-27 18:35:52.091393","368","Application Data"
"2016-09-27 18:35:52.352652","54","47377  >  443 [ACK] Seq=2960 Ack=3200 Win=13152 Len=0"
"2016-09-27 18:35:53.532704","54","47377  >  443 [ACK] Seq=2960 Ack=3237 Win=13152 Len=0"
"2016-09-27 18:35:53.573454","54","47377  >  443 [ACK] Seq=2960 Ack=3238 Win=13152 Len=0"
"2016-09-27 18:50:50.895724","91","Encrypted Alert"
"2016-09-27 18:50:50.914744","54","47377  >  443 [RST"
"2016-09-27 20:05:51.125361","74","45052  >  443 [SYN] Seq=0 Win=4380 Len=0 MSS=1460 SACK_PERM=1 TSval=71120367 TSecr=0 WS=16"
"2016-09-27 20:05:51.347701","54","45052  >  443 [ACK] Seq=1 Ack=1 Win=4384 Len=0"
"2016-09-27 20:05:51.472486","571","Client Hello"
"2016-09-27 20:05:51.687790","54","45052  >  443 [ACK] Seq=518 Ack=1461 Win=7312 Len=0"
"2016-09-27 20:05:51.690789","54","45052  >  443 [ACK] Seq=518 Ack=2921 Win=10224 Len=0"
"2016-09-27 20:05:51.690880","54","45052  >  443 [ACK] Seq=518 Ack=2976 Win=10224 Len=0"
"2016-09-27 20:05:51.706394","380","Client Key Exchange"
"2016-09-27 20:05:51.886419","54","[TCP Dup ACK 470679#1] 45052  >  443 [ACK] Seq=844 Ack=2976 Win=10224 Len=0"
"2016-09-27 20:05:51.898671","54","[TCP Dup ACK 470679#2] 45052  >  443 [ACK] Seq=844 Ack=2976 Win=10224 Len=0"
"2016-09-27 20:05:51.898769","54","[TCP Dup ACK 470679#3] 45052  >  443 [ACK] Seq=844 Ack=2976 Win=10224 Len=0"
"2016-09-27 20:05:51.929763","54","45052  >  443 [ACK] Seq=844 Ack=2982 Win=10224 Len=0"
"2016-09-27 20:05:51.931926","54","45052  >  443 [ACK] Seq=844 Ack=3035 Win=10224 Len=0"
"2016-09-27 20:05:51.942457","1514","Application Data"
"2016-09-27 20:05:51.942569","396","Application Data"
"2016-09-27 20:05:52.152202","368","Application Data"
"2016-09-27 20:05:52.413674","54","45052  >  443 [ACK] Seq=2960 Ack=3200 Win=13152 Len=0"
"2016-09-27 20:05:53.548383","54","45052  >  443 [ACK] Seq=2960 Ack=3237 Win=13152 Len=0"
"2016-09-27 20:05:53.586116","54","45052  >  443 [ACK] Seq=2960 Ack=3238 Win=13152 Len=0"
"2016-09-27 20:20:50.907957","91","Encrypted Alert"
"2016-09-27 20:20:50.941479","54","45052  >  443 [RST"
"2016-09-27 20:20:51.099851","74","38710  >  443 [SYN] Seq=0 Win=4380 Len=0 MSS=1460 SACK_PERM=1 TSval=71350761 TSecr=0 WS=16"
"2016-09-27 20:20:51.322015","54","38710  >  443 [ACK] Seq=1 Ack=1 Win=4384 Len=0"
"2016-09-27 20:20:51.448773","571","Client Hello"
"2016-09-27 20:20:51.674106","54","38710  >  443 [ACK] Seq=518 Ack=1461 Win=7312 Len=0"
"2016-09-27 20:20:51.674264","54","38710  >  443 [ACK] Seq=518 Ack=2921 Win=10224 Len=0"
"2016-09-27 20:20:51.674632","54","38710  >  443 [ACK] Seq=518 Ack=2976 Win=10224 Len=0"
"2016-09-27 20:20:51.687492","380","Client Key Exchange"
"2016-09-27 20:20:51.920598","54","38710  >  443 [ACK] Seq=844 Ack=3035 Win=10224 Len=0"
"2016-09-27 20:20:51.922863","1514","Application Data"
"2016-09-27 20:20:51.922956","396","Application Data"
"2016-09-27 20:20:52.142368","368","Application Data"
"2016-09-27 20:20:52.415524","54","38710  >  443 [ACK] Seq=2960 Ack=3200 Win=13152 Len=0"
"2016-09-27 20:20:53.552557","54","38710  >  443 [ACK] Seq=2960 Ack=3237 Win=13152 Len=0"
"2016-09-27 20:20:53.591406","54","38710  >  443 [ACK] Seq=2960 Ack=3238 Win=13152 Len=0"
"2016-09-27 20:35:50.921593","91","Encrypted Alert"
"2016-09-27 20:35:50.940664","54","38710  >  443 [RST"
"2016-09-27 20:50:51.102769","74","48091  >  443 [SYN] Seq=0 Win=4380 Len=0 MSS=1460 SACK_PERM=1 TSval=71811561 TSecr=0 WS=16"
"2016-09-27 20:50:51.324053","54","48091  >  443 [ACK] Seq=1 Ack=1 Win=4384 Len=0"
"2016-09-27 20:50:51.464919","571","Client Hello"
"2016-09-27 20:50:51.688047","54","48091  >  443 [ACK] Seq=518 Ack=1461 Win=7312 Len=0"
"2016-09-27 20:50:51.688150","54","48091  >  443 [ACK] Seq=518 Ack=2921 Win=10224 Len=0"
"2016-09-27 20:50:51.688212","54","48091  >  443 [ACK] Seq=518 Ack=2976 Win=10224 Len=0"
"2016-09-27 20:50:51.716884","380","Client Key Exchange"
"2016-09-27 20:50:51.975386","54","48091  >  443 [ACK] Seq=844 Ack=3035 Win=10224 Len=0"
"2016-09-27 20:50:51.975557","1514","Application Data"
"2016-09-27 20:50:51.975647","396","Application Data"
"2016-09-27 20:50:52.199080","368","Application Data"
"2016-09-27 20:50:52.496214","54","48091  >  443 [ACK] Seq=2960 Ack=3200 Win=13152 Len=0"
"2016-09-27 20:50:53.855390","54","48091  >  443 [ACK] Seq=2960 Ack=3237 Win=13152 Len=0"
"2016-09-27 20:50:53.894669","54","48091  >  443 [ACK] Seq=2960 Ack=3238 Win=13152 Len=0"
"2016-09-27 21:05:50.920631","91","Encrypted Alert"
"2016-09-27 21:05:50.938709","54","48091  >  443 [RST"
"2016-09-27 21:35:51.128059","74","47557  >  443 [SYN] Seq=0 Win=4380 Len=0 MSS=1460 SACK_PERM=1 TSval=72502769 TSecr=0 WS=16"
"2016-09-27 21:35:51.345975","54","47557  >  443 [ACK] Seq=1 Ack=1 Win=4384 Len=0"
"2016-09-27 21:35:51.457893","571","Client Hello"
"2016-09-27 21:35:51.685996","54","47557  >  443 [ACK] Seq=518 Ack=1461 Win=7312 Len=0"
"2016-09-27 21:35:51.688487","54","47557  >  443 [ACK] Seq=518 Ack=2921 Win=10224 Len=0"
"2016-09-27 21:35:51.688575","54","47557  >  443 [ACK] Seq=518 Ack=2976 Win=10224 Len=0"
"2016-09-27 21:35:51.699452","380","Client Key Exchange"
"2016-09-27 21:35:51.940516","54","47557  >  443 [ACK] Seq=844 Ack=3035 Win=10224 Len=0"
"2016-09-27 21:35:51.942641","1514","Application Data"
"2016-09-27 21:35:51.942754","396","Application Data"
"2016-09-27 21:35:52.162280","368","Application Data"
"2016-09-27 21:35:52.437149","54","47557  >  443 [ACK] Seq=2960 Ack=3200 Win=13152 Len=0"
"2016-09-27 21:35:53.392788","54","47557  >  443 [ACK] Seq=2960 Ack=3237 Win=13152 Len=0"
"2016-09-27 21:35:53.433291","54","47557  >  443 [ACK] Seq=2960 Ack=3238 Win=13152 Len=0"
"2016-09-27 21:50:50.905913","91","Encrypted Alert"
"2016-09-27 21:50:50.924890","54","47557  >  443 [RST"
"2016-09-27 22:05:51.085506","74","34433  >  443 [SYN] Seq=0 Win=4380 Len=0 MSS=1460 SACK_PERM=1 TSval=72963557 TSecr=0 WS=16"
"2016-09-27 22:05:51.295995","54","34433  >  443 [ACK] Seq=1 Ack=1 Win=4384 Len=0"
"2016-09-27 22:05:51.431958","571","Client Hello"
"2016-09-27 22:05:51.648200","54","34433  >  443 [ACK] Seq=518 Ack=1461 Win=7312 Len=0"
"2016-09-27 22:05:51.648312","54","34433  >  443 [ACK] Seq=518 Ack=2921 Win=10224 Len=0"
"2016-09-27 22:05:51.648377","54","34433  >  443 [ACK] Seq=518 Ack=2976 Win=10224 Len=0"
"2016-09-27 22:05:51.661635","380","Client Key Exchange"
"2016-09-27 22:05:51.890530","54","34433  >  443 [ACK] Seq=844 Ack=3035 Win=10224 Len=0"
"2016-09-27 22:05:51.892996","1514","Application Data"
"2016-09-27 22:05:51.893093","396","Application Data"
"2016-09-27 22:05:52.100642","368","Application Data"
"2016-09-27 22:05:52.362660","54","34433  >  443 [ACK] Seq=2960 Ack=3200 Win=13152 Len=0"
"2016-09-27 22:05:53.331145","54","34433  >  443 [ACK] Seq=2960 Ack=3237 Win=13152 Len=0"
"2016-09-27 22:05:53.369850","54","34433  >  443 [ACK] Seq=2960 Ack=3238 Win=13152 Len=0"
"2016-09-27 22:20:50.903892","91","Encrypted Alert"
"2016-09-27 22:20:50.921525","54","34433  >  443 [RST"
"2016-09-27 22:20:51.075332","74","43521  >  443 [SYN] Seq=0 Win=4380 Len=0 MSS=1460 SACK_PERM=1 TSval=73193955 TSecr=0 WS=16"
"2016-09-27 22:20:51.285722","54","43521  >  443 [ACK] Seq=1 Ack=1 Win=4384 Len=0"
"2016-09-27 22:20:51.438224","571","Client Hello"
"2016-09-27 22:20:51.649480","54","43521  >  443 [ACK] Seq=518 Ack=1461 Win=7312 Len=0"
"2016-09-27 22:20:51.650277","54","43521  >  443 [ACK] Seq=518 Ack=2921 Win=10224 Len=0"
"2016-09-27 22:20:51.650368","54","43521  >  443 [ACK] Seq=518 Ack=2976 Win=10224 Len=0"
"2016-09-27 22:20:51.673390","380","Client Key Exchange"
"2016-09-27 22:20:51.895789","54","43521  >  443 [ACK] Seq=844 Ack=3035 Win=10224 Len=0"
"2016-09-27 22:20:51.898283","1514","Application Data"
"2016-09-27 22:20:51.898376","396","Application Data"
"2016-09-27 22:20:52.105806","368","Application Data"
"2016-09-27 22:20:52.367467","54","43521  >  443 [ACK] Seq=2960 Ack=3200 Win=13152 Len=0"
"2016-09-27 22:20:53.731134","54","43521  >  443 [ACK] Seq=2960 Ack=3237 Win=13152 Len=0"
"2016-09-27 22:20:53.769838","54","43521  >  443 [ACK] Seq=2960 Ack=3238 Win=13152 Len=0"
