"No.","data_variance","data_average","class"
0,54.0,0.0,label
1,74.5,420.25,label
2,78.6,403.44000000000005,label
3,128.11111111111111,8794.320987654319,label
4,74.5,420.25,label
5,74.5,420.25,label
6,81.33333333333333,373.5555555555556,label
7,74.5,420.25,label
8,81.33333333333333,373.5555555555556,label
9,64.25,315.1875,label
10,74.5,420.25,label
11,83.28571428571429,343.06122448979596,label
12,64.25,315.1875,label
13,81.33333333333333,373.5555555555556,label
14,64.25,315.1875,label
15,74.5,420.25,label
16,74.5,420.25,label
17,78.6,403.44000000000005,label
18,83.28571428571429,343.06122448979596,label
19,64.25,315.1875,label
20,74.5,420.25,label
21,81.33333333333333,373.5555555555556,label
22,64.25,315.1875,label
23,81.33333333333333,373.5555555555556,label
24,64.25,315.1875,label
25,74.5,420.25,label
26,74.5,420.25,label
27,74.5,420.25,label
28,81.33333333333333,373.5555555555556,label
29,64.25,315.1875,label
30,74.5,420.25,label
31,74.5,420.25,label
32,83.28571428571429,343.06122448979596,label
33,64.25,315.1875,label
34,74.5,420.25,label
35,74.5,420.25,label
36,74.5,420.25,label
37,83.28571428571429,343.06122448979596,label
38,70.4,403.44000000000005,label
39,74.5,420.25,label
40,74.5,420.25,label
41,81.33333333333333,373.5555555555556,label
42,64.25,315.1875,label
43,74.5,420.25,label
44,74.5,420.25,label
45,78.6,403.44000000000005,label
46,78.6,403.44000000000005,label
47,74.5,420.25,label
48,74.5,420.25,label
49,74.5,420.25,label
50,78.6,403.44,label
51,102.0,3074.0,label
52,74.5,420.25,label
53,74.5,420.25,label
54,74.5,420.25,label
55,78.6,403.44000000000005,label
56,78.6,403.44000000000005,label
57,74.5,420.25,label
58,78.6,403.44000000000005,label
59,78.6,403.44000000000005,label
60,74.5,420.25,label
61,78.6,403.44000000000005,label
62,74.5,420.25,label
63,70.4,403.44000000000005,label
64,74.5,420.25,label
65,74.5,420.25,label
66,81.33333333333333,373.5555555555556,label
67,64.25,315.1875,label
68,74.5,420.25,label
69,74.5,420.25,label
70,72.83333333333333,365.8055555555556,label
71,246.45454545454547,98478.70247933884,label
72,124.6,7979.4400000000005,label
73,74.5,420.25,label
74,74.5,420.25,label
75,74.5,420.25,label
76,74.5,420.25,label
77,74.5,420.25,label
78,74.5,420.25,label
79,81.33333333333333,373.5555555555556,label
80,64.25,315.1875,label
81,74.5,420.25,label
82,81.33333333333333,373.5555555555556,label
83,64.25,315.1875,label
84,74.5,420.25,label
85,74.5,420.25,label
86,78.6,403.44000000000005,label
87,74.5,420.25,label
88,74.5,420.25,label
89,78.6,403.44000000000005,label
90,74.5,420.25,label
91,74.5,420.25,label
92,74.5,420.25,label
93,74.5,420.25,label
94,74.5,420.25,label
95,74.5,420.25,label
96,78.6,403.44000000000005,label
97,74.5,420.25,label
98,78.6,403.44000000000005,label
99,74.5,420.25,label
100,74.5,420.25,label
101,74.5,420.25,label
102,74.5,420.25,label
103,74.5,420.25,label
104,74.5,420.25,label
105,74.5,420.25,label
106,74.5,420.25,label
107,81.33333333333333,373.5555555555556,label
108,64.25,315.1875,label
109,74.5,420.25,label
110,81.33333333333333,373.5555555555556,label
111,64.25,315.1875,label
112,74.5,420.25,label
113,81.33333333333333,373.5555555555556,label
114,64.25,315.1875,label
115,74.5,420.25,label
116,74.5,420.25,label
117,81.33333333333333,373.5555555555556,label
118,64.25,315.1875,label
119,81.33333333333333,373.5555555555556,label
120,64.25,315.1875,label
121,74.5,420.25,label
122,74.5,420.25,label
123,74.5,420.25,label
124,74.5,420.25,label
125,81.33333333333333,373.5555555555556,label
126,64.25,315.1875,label
127,74.5,420.25,label
128,81.33333333333333,373.5555555555556,label
129,64.25,315.1875,label
130,102.5,3192.25,label
131,78.6,403.44000000000005,label
132,70.4,403.44000000000005,label
133,78.6,403.44000000000005,label
134,74.5,420.25,label
135,74.5,420.25,label
136,74.5,420.25,label
137,74.5,420.25,label
138,74.5,420.25,label
139,74.5,420.25,label
140,81.33333333333333,373.5555555555556,label
141,64.25,315.1875,label
142,74.5,420.25,label
143,72.83333333333333,365.8055555555556,label
144,228.44,89272.96639999999,label
145,74.5,420.25,label
146,103.28571428571429,4422.489795918367,label
147,121.16666666666667,9395.805555555553,label
148,74.5,420.25,label
149,74.5,420.25,label
150,74.5,420.25,label
151,74.5,420.25,label
152,74.5,420.25,label
153,74.5,420.25,label
154,74.5,420.25,label
155,74.5,420.25,label
156,74.5,420.25,label
157,74.5,420.25,label
158,74.5,420.25,label
159,74.5,420.25,label
160,74.5,420.25,label
161,78.6,403.44000000000005,label
162,74.5,420.25,label
163,74.5,420.25,label
164,78.6,403.44000000000005,label
165,74.5,420.25,label
166,74.5,420.25,label
167,70.4,403.44,label
168,116.0,3885.5,label
169,74.5,420.25,label
170,74.5,420.25,label
171,74.5,420.25,label
172,74.5,420.25,label
173,74.5,420.25,label
174,74.5,420.25,label
175,74.5,420.25,label
176,74.5,420.25,label
177,74.5,420.25,label
178,74.5,420.25,label
179,74.5,420.25,label
180,74.5,420.25,label
181,74.5,420.25,label
182,74.5,420.25,label
183,74.5,420.25,label
184,74.5,420.25,label
185,74.5,420.25,label
186,74.5,420.25,label
187,74.5,420.25,label
188,74.5,420.25,label
189,74.5,420.25,label
190,74.5,420.25,label
191,74.5,420.25,label
192,74.5,420.25,label
193,74.5,420.25,label
194,74.5,420.25,label
195,74.5,420.25,label
196,74.5,420.25,label
197,74.5,420.25,label
198,78.6,403.44000000000005,label
199,78.6,403.44000000000005,label
200,78.6,403.44000000000005,label
201,74.5,420.25,label
202,78.6,403.44000000000005,label
203,78.6,403.44000000000005,label
204,78.6,403.44000000000005,label
205,74.5,420.25,label
206,67.66666666666667,373.5555555555556,label
207,74.5,420.25,label
208,74.5,420.25,label
209,78.6,403.44000000000005,label
210,74.5,420.25,label
211,74.5,420.25,label
212,78.6,403.44000000000005,label
213,125.71428571428571,17475.346938775507,label
214,97.0,0.0,label
215,97.0,0.0,label
216,97.0,0.0,label
217,118.82352941176471,14650.73356401384,label
218,97.0,0.0,label
219,97.0,0.0,label
220,115.88888888888889,13983.20987654321,label
221,97.0,0.0,label
222,97.0,0.0,label
223,118.82352941176471,14650.73356401384,label
224,97.0,0.0,label
225,97.0,0.0,label
226,115.88888888888889,13983.209876543207,label
227,97.0,0.0,label
228,97.0,0.0,label
229,117.61111111111111,13861.793209876547,label
230,97.0,0.0,label
231,97.0,0.0,label
232,121.73333333333333,16532.195555555554,label
233,97.0,0.0,label
234,97.0,0.0,label
235,97.0,0.0,label
236,115.88888888888889,13983.209876543207,label
237,97.0,0.0,label
238,97.0,0.0,label
239,120.1875,15534.77734375,label
240,97.0,0.0,label
241,97.0,0.0,label
242,97.0,0.0,label
243,114.89473684210526,13265.041551246535,label
244,97.0,0.0,label
245,97.0,0.0,label
246,115.88888888888889,13983.20987654321,label
247,97.0,0.0,label
248,97.0,0.0,label
249,118.82352941176471,14650.73356401384,label
250,97.0,0.0,label
251,97.0,0.0,label
252,118.25,15680.9375,label
253,97.0,0.0,label
254,97.0,0.0,label
255,97.0,0.0,label
256,115.88888888888889,13983.20987654321,label
257,97.0,0.0,label
258,97.0,0.0,label
259,120.1875,15534.77734375,label
260,97.0,0.0,label
261,97.0,0.0,label
262,97.0,0.0,label
263,115.88888888888889,13983.209876543207,label
264,97.0,0.0,label
265,97.0,0.0,label
266,114.89473684210526,13265.041551246535,label
267,97.0,0.0,label
268,97.0,0.0,label
269,114.89473684210526,13265.041551246535,label
270,97.0,0.0,label
271,97.0,0.0,label
272,117.61111111111111,13861.793209876547,label
273,97.0,0.0,label
274,97.0,0.0,label
275,117.0,14783.529411764706,label
276,97.0,0.0,label
277,97.0,0.0,label
278,67.6,10.240000000000002,label
279,68.0,12.0,label
280,68.0,12.0,label
281,68.0,12.0,label
282,68.0,12.0,label
283,68.0,12.0,label
284,68.0,12.0,label
285,68.0,12.0,label
286,68.0,12.0,label
287,68.0,12.0,label
288,68.0,12.0,label
289,68.0,12.0,label
290,68.0,12.0,label
291,68.0,12.0,label
292,68.0,12.0,label
293,68.0,12.0,label
294,68.0,12.0,label
295,68.0,12.0,label
296,68.0,12.0,label
297,68.0,12.0,label
298,68.0,12.0,label
299,68.0,12.0,label
300,68.0,12.0,label
301,68.0,12.0,label
302,68.0,12.0,label
303,68.0,12.0,label
304,68.0,12.0,label
305,68.0,12.0,label
306,68.0,12.0,label
307,68.0,12.0,label
308,68.0,12.0,label
309,68.0,12.0,label
310,68.0,12.0,label
311,68.0,12.0,label
312,68.0,12.0,label
313,68.0,12.0,label
314,68.0,12.0,label
315,68.0,12.0,label
316,68.0,12.0,label
317,68.0,12.0,label
318,68.0,12.0,label
319,68.0,12.0,label
320,68.0,12.0,label
321,68.0,12.0,label
322,68.0,12.0,label
323,68.0,12.0,label
324,68.0,12.0,label
325,68.0,12.0,label
326,68.0,12.0,label
327,68.0,12.0,label
328,68.0,12.0,label
329,68.0,12.0,label
330,68.0,12.0,label
331,68.0,12.0,label
332,68.0,12.0,label
333,68.0,12.0,label
334,68.0,12.0,label
335,68.0,12.0,label
336,68.0,12.0,label
337,68.0,12.0,label
338,68.0,12.0,label
339,68.0,12.0,label
340,68.0,12.0,label
341,68.0,12.0,label
342,68.0,12.0,label
343,68.0,12.0,label
344,68.0,12.0,label
345,68.0,12.0,label
346,68.0,12.0,label
347,68.0,12.0,label
348,68.0,12.0,label
349,68.0,12.0,label
350,68.0,12.0,label
351,68.0,12.0,label
352,68.0,12.0,label
353,68.0,12.0,label
354,68.0,12.0,label
355,68.0,12.0,label
356,68.0,12.0,label
357,68.0,12.0,label
358,68.0,12.0,label
359,68.0,12.0,label
360,68.0,12.0,label
361,68.0,12.0,label
362,68.0,12.0,label
363,68.0,12.0,label
364,68.0,12.0,label
365,68.0,12.0,label
366,68.0,12.0,label
367,68.0,12.0,label
368,68.0,12.0,label
369,68.0,12.0,label
370,68.0,12.0,label
371,68.0,12.0,label
372,68.0,12.0,label
373,68.0,12.0,label
374,68.0,12.0,label
375,68.0,12.0,label
376,68.0,12.0,label
377,68.0,12.0,label
378,68.0,12.0,label
379,68.0,12.0,label
380,68.0,12.0,label
381,68.0,12.0,label
382,68.0,12.0,label
383,68.0,12.0,label
384,68.0,12.0,label
385,68.0,12.0,label
386,68.0,12.0,label
387,68.0,12.0,label
388,68.0,12.0,label
389,68.0,12.0,label
390,68.0,12.0,label
391,68.0,12.0,label
392,68.0,12.0,label
393,68.0,12.0,label
394,68.0,12.0,label
395,68.0,12.0,label
396,68.0,12.0,label
397,68.0,12.0,label
398,68.0,12.0,label
399,68.0,12.0,label
400,68.0,12.0,label
401,68.0,12.0,label
402,68.0,12.0,label
403,68.0,12.0,label
404,68.0,12.0,label
405,68.0,12.0,label
406,68.0,12.0,label
407,68.0,12.0,label
408,68.0,12.0,label
409,68.0,12.0,label
410,68.0,12.0,label
411,68.0,12.0,label
412,68.0,12.0,label
413,68.0,12.0,label
414,68.0,12.0,label
415,68.0,12.0,label
416,68.0,12.0,label
417,68.0,12.0,label
418,68.0,12.0,label
419,68.0,12.0,label
420,68.0,12.0,label
421,68.0,12.0,label
422,68.0,12.0,label
423,68.0,12.0,label
424,68.0,12.0,label
425,68.0,12.0,label
426,68.0,12.0,label
427,68.0,12.0,label
428,68.0,12.0,label
429,68.0,12.0,label
430,68.0,12.0,label
431,68.0,12.0,label
432,68.0,12.0,label
433,68.0,12.0,label
434,68.0,12.0,label
435,68.0,12.0,label
436,68.0,12.0,label
437,68.0,12.0,label
438,68.0,12.0,label
439,68.0,12.0,label
440,68.0,12.0,label
441,68.0,12.0,label
442,68.0,12.0,label
443,68.0,12.0,label
444,68.0,12.0,label
445,68.0,12.0,label
446,68.0,12.0,label
447,68.0,12.0,label
448,68.0,12.0,label
449,68.0,12.0,label
450,68.0,12.0,label
451,68.0,12.0,label
452,68.0,12.0,label
453,68.0,12.0,label
454,68.0,12.0,label
455,68.0,12.0,label
456,68.0,12.0,label
457,68.0,12.0,label
458,68.0,12.0,label
459,68.0,12.0,label
460,68.0,12.0,label
461,68.0,12.0,label
462,68.0,12.0,label
463,68.0,12.0,label
464,68.0,12.0,label
465,68.0,12.0,label
466,68.0,12.0,label
467,68.0,12.0,label
468,68.0,12.0,label
469,68.0,12.0,label
470,68.0,12.0,label
471,68.0,12.0,label
472,68.0,12.0,label
473,68.0,12.0,label
474,68.0,12.0,label
475,68.0,12.0,label
476,68.0,12.0,label
477,68.0,12.0,label
478,68.0,12.0,label
479,68.0,12.0,label
480,68.0,12.0,label
481,68.0,12.0,label
482,68.0,12.0,label
483,68.0,12.0,label
484,68.0,12.0,label
485,68.0,12.0,label
486,68.0,12.0,label
487,68.0,12.0,label
488,68.0,12.0,label
489,68.0,12.0,label
490,68.0,12.0,label
491,68.0,12.0,label
492,68.0,12.0,label
493,68.0,12.0,label
494,68.0,12.0,label
495,68.0,12.0,label
496,68.0,12.0,label
497,68.0,12.0,label
498,68.0,12.0,label
499,68.0,12.0,label
500,68.0,12.0,label
501,68.0,12.0,label
502,68.0,12.0,label
503,68.0,12.0,label
504,68.0,12.0,label
505,68.0,12.0,label
506,68.0,12.0,label
507,68.0,12.0,label
508,68.0,12.0,label
509,68.0,12.0,label
510,68.0,12.0,label
511,68.0,12.0,label
512,68.0,12.0,label
513,68.0,12.0,label
514,68.0,12.0,label
515,68.0,12.0,label
516,68.0,12.0,label
517,68.0,12.0,label
518,68.0,12.0,label
519,68.0,12.0,label
520,68.0,12.0,label
521,68.0,12.0,label
522,68.0,12.0,label
523,68.0,12.0,label
524,68.0,12.0,label
525,68.0,12.0,label
526,68.0,12.0,label
527,68.0,12.0,label
528,68.0,12.0,label
529,68.0,12.0,label
530,68.0,12.0,label
531,68.0,12.0,label
532,68.0,12.0,label
533,68.0,12.0,label
534,68.0,12.0,label
535,68.0,12.0,label
536,68.0,12.0,label
537,68.0,12.0,label
538,68.0,12.0,label
539,68.0,12.0,label
540,68.0,12.0,label
541,68.0,12.0,label
542,68.0,12.0,label
543,68.0,12.0,label
544,68.0,12.0,label
545,68.0,12.0,label
546,68.0,12.0,label
547,68.0,12.0,label
548,68.0,12.0,label
549,68.0,12.0,label
550,68.0,12.0,label
551,68.0,12.0,label
552,68.0,12.0,label
553,68.0,12.0,label
554,68.0,12.0,label
555,68.0,12.0,label
556,68.0,12.0,label
557,68.0,12.0,label
558,68.0,12.0,label
559,68.0,12.0,label
560,68.0,12.0,label
561,68.0,12.0,label
562,68.0,12.0,label
563,68.0,12.0,label
564,68.0,12.0,label
565,68.0,12.0,label
566,68.0,12.0,label
567,68.0,12.0,label
568,68.0,12.0,label
569,68.0,12.0,label
570,68.0,12.0,label
571,68.0,12.0,label
572,68.0,12.0,label
573,68.0,12.0,label
574,300.5833333333333,165923.74305555556,label
575,242.5,134623.625,label
576,266.7857142857143,149088.3112244898,label
577,72.5,342.25,label
578,266.7857142857143,149088.3112244898,label
579,72.5,342.25,label
580,266.7857142857143,149088.3112244898,label
581,72.5,342.25,label
582,266.7857142857143,149088.3112244898,label
583,72.5,342.25,label
584,266.7857142857143,149088.3112244898,label
585,72.5,342.25,label
586,266.7857142857143,149088.3112244898,label
587,72.5,342.25,label
588,266.7857142857143,149088.3112244898,label
589,72.5,342.25,label
590,266.7857142857143,149088.3112244898,label
591,72.5,342.25,label
592,266.7857142857143,149088.3112244898,label
593,266.7857142857143,149088.3112244898,label
594,242.5,134623.625,label
595,242.5,134623.625,label
596,266.7857142857143,149088.3112244898,label
597,72.5,342.25,label
598,266.7857142857143,149088.3112244898,label
599,212.73684210526315,118091.7728531856,label
600,72.5,342.25,label
601,266.7857142857143,149088.3112244898,label
602,242.5,134623.625,label
603,266.7857142857143,149088.3112244898,label
604,242.5,134623.625,label
605,242.5,134623.625,label
606,266.7857142857143,149088.3112244898,label
607,242.5,134623.625,label
608,242.5,134623.625,label
609,252.6,141966.37333333335,label
610,72.5,342.25,label
611,266.7857142857143,149088.3112244898,label
612,72.5,342.25,label
613,266.7857142857143,149088.3112244898,label
614,72.5,342.25,label
615,219.5,123783.36111111111,label
616,242.5,134623.625,label
617,72.5,342.25,label
618,266.7857142857143,149088.3112244898,label
619,72.5,342.25,label
620,266.7857142857143,149088.3112244898,label
621,72.5,342.25,label
622,266.7857142857143,149088.3112244898,label
623,251.26666666666668,142467.52888888892,label
624,266.7857142857143,149088.3112244898,label
625,266.7857142857143,149088.3112244898,label
626,266.7857142857143,149088.3112244898,label
627,266.7857142857143,149088.3112244898,label
628,266.7857142857143,149088.3112244898,label
629,242.5,134623.625,label
630,266.7857142857143,149088.3112244898,label
631,266.7857142857143,149088.3112244898,label
632,266.7857142857143,149088.3112244898,label
633,266.7857142857143,149088.3112244898,label
634,266.7857142857143,149088.3112244898,label
635,266.7857142857143,149088.3112244898,label
636,266.7857142857143,149088.3112244898,label
637,266.7857142857143,149088.3112244898,label
638,219.5,123783.36111111111,label
639,266.7857142857143,149088.3112244898,label
640,266.7857142857143,149088.3112244898,label
641,266.7857142857143,149088.3112244898,label
642,266.7857142857143,149088.3112244898,label
643,266.7857142857143,149088.3112244898,label
644,72.5,342.25,label
645,266.7857142857143,149088.3112244898,label
646,240.1875,135404.52734375,label
647,266.7857142857143,149088.3112244898,label
648,242.5,134623.625,label
649,242.5,134623.625,label
650,266.7857142857143,149088.3112244898,label
651,266.7857142857143,149088.3112244898,label
652,266.7857142857143,149088.3112244898,label
653,266.7857142857143,149088.3112244898,label
654,266.7857142857143,149088.3112244898,label
655,266.7857142857143,149088.3112244898,label
656,266.7857142857143,149088.3112244898,label
657,266.7857142857143,149088.3112244898,label
658,266.7857142857143,149088.3112244898,label
659,266.7857142857143,149088.3112244898,label
660,240.1875,135404.52734375,label
661,266.7857142857143,149088.3112244898,label
662,266.7857142857143,149088.3112244898,label
663,72.5,342.25,label
664,266.7857142857143,149088.3112244898,label
665,300.5833333333333,165923.74305555556,label
666,219.5,123783.36111111111,label
667,72.5,342.25,label
668,266.7857142857143,149088.3112244898,label
669,266.7857142857143,149088.3112244898,label
670,72.5,342.25,label
671,266.7857142857143,149088.3112244898,label
672,266.7857142857143,149088.3112244898,label
673,266.7857142857143,149088.3112244898,label
674,72.5,342.25,label
675,266.7857142857143,149088.3112244898,label
676,72.5,342.25,label
677,266.7857142857143,149088.3112244898,label
678,72.5,342.25,label
679,219.5,123783.36111111111,label
680,72.5,342.25,label
681,266.7857142857143,149088.3112244898,label
682,72.5,342.25,label
683,266.7857142857143,149088.3112244898,label
684,266.7857142857143,149088.3112244898,label
685,72.5,342.25,label
686,149.88888888888889,32356.987654320987,label
687,266.7857142857143,149088.3112244898,label
688,242.5,134623.625,label
689,242.5,134623.625,label
690,242.5,134623.625,label
691,72.5,342.25,label
692,266.7857142857143,149088.3112244898,label
693,72.5,342.25,label
694,266.7857142857143,149088.3112244898,label
695,242.5,134623.625,label
696,72.5,342.25,label
697,266.7857142857143,149088.3112244898,label
698,255.38095238095238,101010.71201814059,label
699,74.5,420.25,label
700,74.5,420.25,label
701,74.5,420.25,label
702,74.5,420.25,label
703,74.5,420.25,label
704,81.33333333333333,373.5555555555556,label
705,123.77777777777777,10128.83950617284,label
706,74.5,420.25,label
707,74.5,420.25,label
708,74.5,420.25,label
709,78.6,403.44000000000005,label
710,74.5,420.25,label
711,81.33333333333333,373.5555555555556,label
712,64.25,315.1875,label
713,74.5,420.25,label
714,74.5,420.25,label
715,74.5,420.25,label
716,74.5,420.25,label
717,81.33333333333333,373.5555555555556,label
718,64.25,315.1875,label
719,74.5,420.25,label
720,74.5,420.25,label
721,74.5,420.25,label
722,74.5,420.25,label
723,74.5,420.25,label
724,78.6,403.44000000000005,label
725,74.5,420.25,label
726,74.5,420.25,label
727,74.5,420.25,label
728,74.5,420.25,label
729,74.5,420.25,label
730,81.33333333333333,373.5555555555556,label
731,64.25,315.1875,label
732,81.33333333333333,373.5555555555556,label
733,64.25,315.1875,label
734,74.5,420.25,label
735,74.5,420.25,label
736,74.5,420.25,label
737,74.5,420.25,label
738,78.6,403.44,label
739,106.0,4688.5,label
740,74.5,420.25,label
741,74.5,420.25,label
742,74.5,420.25,label
743,74.5,420.25,label
744,74.5,420.25,label
745,78.6,403.44000000000005,label
746,81.33333333333333,373.5555555555556,label
747,64.25,315.1875,label
748,78.6,403.44000000000005,label
749,74.5,420.25,label
750,74.5,420.25,label
751,74.5,420.25,label
752,78.6,403.44000000000005,label
753,78.6,403.44000000000005,label
754,74.5,420.25,label
755,74.5,420.25,label
756,74.5,420.25,label
757,74.5,420.25,label
758,74.5,420.25,label
759,74.5,420.25,label
760,81.33333333333333,373.5555555555556,label
761,64.25,315.1875,label
762,74.5,420.25,label
763,74.5,420.25,label
764,74.5,420.25,label
765,70.4,403.44000000000005,label
766,74.5,420.25,label
767,74.5,420.25,label
768,72.0,336.5,label
769,246.4090909090909,98410.24173553716,label
770,74.5,420.25,label
771,74.5,420.25,label
772,128.22222222222223,9607.950617283952,label
773,74.5,420.25,label
774,74.5,420.25,label
775,83.28571428571429,343.06122448979596,label
776,64.25,315.1875,label
777,74.5,420.25,label
778,74.5,420.25,label
779,74.5,420.25,label
780,74.5,420.25,label
781,74.5,420.25,label
782,78.6,403.44000000000005,label
783,81.33333333333333,373.5555555555556,label
784,70.4,403.44000000000005,label
785,106.25,4746.1875,label
786,78.6,403.44000000000005,label
787,74.5,420.25,label
788,74.5,420.25,label
789,74.5,420.25,label
790,74.5,420.25,label
791,81.33333333333333,373.5555555555556,label
792,64.25,315.1875,label
793,74.5,420.25,label
794,74.5,420.25,label
795,74.5,420.25,label
796,78.6,403.44000000000005,label
797,78.6,403.44000000000005,label
798,78.6,403.44000000000005,label
799,74.5,420.25,label
800,74.5,420.25,label
801,78.6,403.44000000000005,label
802,81.33333333333333,373.5555555555556,label
803,64.25,315.1875,label
804,74.5,420.25,label
805,74.5,420.25,label
806,74.5,420.25,label
807,74.5,420.25,label
808,78.6,403.44000000000005,label
809,74.5,420.25,label
810,81.33333333333333,373.5555555555556,label
811,64.25,315.1875,label
812,83.28571428571429,343.06122448979596,label
813,64.25,315.1875,label
814,78.6,403.44000000000005,label
815,78.6,403.44000000000005,label
816,74.5,420.25,label
817,74.5,420.25,label
818,74.5,420.25,label
819,74.5,420.25,label
820,74.5,420.25,label
821,81.33333333333333,373.5555555555556,label
822,64.25,315.1875,label
823,74.5,420.25,label
824,74.5,420.25,label
825,74.5,420.25,label
826,81.33333333333333,373.5555555555556,label
827,64.25,315.1875,label
828,78.6,403.44000000000005,label
829,74.5,420.25,label
830,78.6,403.44000000000005,label
831,81.33333333333333,373.5555555555556,label
832,62.2,268.96,label
833,81.33333333333333,373.5555555555556,label
834,64.25,315.1875,label
835,74.5,420.25,label
836,74.5,420.25,label
837,81.33333333333333,373.5555555555556,label
838,70.4,403.44000000000005,label
839,74.5,420.25,label
840,81.33333333333333,373.5555555555556,label
841,64.25,315.1875,label
842,206.6206896551724,79842.30439952436,label
843,74.5,420.25,label
844,78.6,403.44,label
845,102.2,3405.3599999999997,label
846,74.5,420.25,label
847,74.5,420.25,label
848,81.33333333333333,373.5555555555556,label
849,64.25,315.1875,label
850,74.5,420.25,label
851,74.5,420.25,label
852,127.44444444444444,8575.358024691357,label
853,81.33333333333333,373.5555555555556,label
854,64.25,315.1875,label
855,81.33333333333333,373.5555555555556,label
856,64.25,315.1875,label
857,74.5,420.25,label
858,74.5,420.25,label
859,74.5,420.25,label
860,81.33333333333333,373.5555555555556,label
861,64.25,315.1875,label
862,74.5,420.25,label
863,74.5,420.25,label
864,78.6,403.44000000000005,label
865,78.6,403.44000000000005,label
866,74.5,420.25,label
867,74.5,420.25,label
868,74.5,420.25,label
869,74.5,420.25,label
870,74.5,420.25,label
871,74.5,420.25,label
872,74.5,420.25,label
873,74.5,420.25,label
874,74.5,420.25,label
875,74.5,420.25,label
876,74.5,420.25,label
877,74.5,420.25,label
878,74.5,420.25,label
879,74.5,420.25,label
880,74.5,420.25,label
881,81.33333333333333,373.5555555555556,label
882,64.25,315.1875,label
883,74.5,420.25,label
884,81.33333333333333,373.5555555555556,label
885,64.25,315.1875,label
886,78.6,403.44000000000005,label
887,74.5,420.25,label
888,81.33333333333333,373.5555555555556,label
889,64.25,315.1875,label
890,74.5,420.25,label
891,74.5,420.25,label
892,74.5,420.25,label
893,78.6,403.44000000000005,label
894,74.5,420.25,label
895,81.33333333333333,373.5555555555556,label
896,64.25,315.1875,label
897,74.5,420.25,label
898,78.6,403.44000000000005,label
899,74.5,420.25,label
900,74.5,420.25,label
901,78.6,403.44000000000005,label
902,74.5,420.25,label
903,74.5,420.25,label
904,78.6,403.44,label
905,104.75,4405.6875,label
906,74.5,420.25,label
907,78.6,403.44000000000005,label
908,74.5,420.25,label
909,83.28571428571429,343.06122448979596,label
910,64.25,315.1875,label
911,74.5,420.25,label
912,70.4,403.44000000000005,label
913,74.5,420.25,label
914,74.5,420.25,label
915,74.5,420.25,label
916,210.67857142857142,82236.43239795919,label
917,74.5,420.25,label
918,128.22222222222223,8870.617283950618,label
919,74.5,420.25,label
920,78.6,403.44000000000005,label
921,74.5,420.25,label
922,78.6,403.44000000000005,label
923,74.5,420.25,label
924,74.5,420.25,label
925,74.5,420.25,label
926,74.5,420.25,label
927,74.5,420.25,label
928,74.5,420.25,label
929,74.5,420.25,label
930,78.6,403.44000000000005,label
931,74.5,420.25,label
932,74.5,420.25,label
933,74.5,420.25,label
934,74.5,420.25,label
935,81.33333333333333,373.5555555555556,label
936,64.25,315.1875,label
937,78.6,403.44000000000005,label
938,74.5,420.25,label
939,81.33333333333333,373.5555555555556,label
940,64.25,315.1875,label
941,78.6,403.44000000000005,label
942,78.6,403.44000000000005,label
943,74.5,420.25,label
944,74.5,420.25,label
945,74.5,420.25,label
946,74.5,420.25,label
947,74.5,420.25,label
948,74.5,420.25,label
949,74.5,420.25,label
950,74.5,420.25,label
951,74.5,420.25,label
952,74.5,420.25,label
953,74.5,420.25,label
954,74.5,420.25,label
955,74.5,420.25,label
956,78.6,403.44000000000005,label
957,74.5,420.25,label
958,74.5,420.25,label
959,74.5,420.25,label
960,78.6,403.44000000000005,label
961,74.5,420.25,label
962,74.5,420.25,label
963,74.5,420.25,label
964,78.6,403.44,label
965,104.2,3864.56,label
966,74.5,420.25,label
967,74.5,420.25,label
968,74.5,420.25,label
969,74.5,420.25,label
970,74.5,420.25,label
971,74.5,420.25,label
972,74.5,420.25,label
973,74.5,420.25,label
974,74.5,420.25,label
975,81.33333333333333,373.5555555555556,label
976,64.25,315.1875,label
977,78.6,403.44000000000005,label
978,70.4,403.44000000000005,label
979,81.33333333333333,373.5555555555556,label
980,64.25,315.1875,label
981,74.5,420.25,label
982,222.03846153846155,86490.34467455621,label
983,74.5,420.25,label
984,74.5,420.25,label
985,74.5,420.25,label
986,78.6,403.44000000000005,label
987,74.5,420.25,label
988,74.5,420.25,label
989,74.5,420.25,label
990,81.33333333333333,373.5555555555556,label
991,123.55555555555556,9289.802469135804,label
992,74.5,420.25,label
993,78.6,403.44000000000005,label
994,74.5,420.25,label
995,74.5,420.25,label
996,81.33333333333333,373.5555555555556,label
997,64.25,315.1875,label
998,74.5,420.25,label
999,74.5,420.25,label
1000,74.5,420.25,label
1001,83.28571428571429,343.06122448979596,label
1002,64.25,315.1875,label
1003,78.6,403.44000000000005,label
1004,74.5,420.25,label
1005,81.33333333333333,373.5555555555556,label
1006,64.25,315.1875,label
1007,78.6,403.44000000000005,label
1008,83.28571428571429,343.06122448979596,label
1009,64.25,315.1875,label
1010,74.5,420.25,label
1011,74.5,420.25,label
1012,74.5,420.25,label
1013,81.33333333333333,373.5555555555556,label
1014,64.25,315.1875,label
1015,83.28571428571429,343.06122448979596,label
1016,64.25,315.1875,label
1017,74.5,420.25,label
1018,74.5,420.25,label
1019,81.33333333333333,373.5555555555556,label
1020,64.25,315.1875,label
1021,74.5,420.25,label
1022,74.5,420.25,label
1023,78.6,403.44000000000005,label
1024,77.42857142857143,411.6734693877552,label
1025,106.0,4688.5,label
1026,74.5,420.25,label
1027,74.5,420.25,label
1028,74.5,420.25,label
1029,74.5,420.25,label
1030,74.5,420.25,label
1031,78.6,403.44000000000005,label
1032,74.5,420.25,label
1033,74.5,420.25,label
1034,74.5,420.25,label
1035,74.5,420.25,label
1036,78.6,403.44000000000005,label
1037,74.5,420.25,label
1038,74.5,420.25,label
1039,74.5,420.25,label
1040,74.5,420.25,label
1041,74.5,420.25,label
1042,74.5,420.25,label
1043,74.5,420.25,label
1044,74.5,420.25,label
1045,74.5,420.25,label
1046,74.5,420.25,label
1047,74.5,420.25,label
1048,74.5,420.25,label
1049,81.33333333333333,373.5555555555556,label
1050,64.25,315.1875,label
1051,70.4,403.44000000000005,label
1052,74.5,420.25,label
1053,74.5,420.25,label
1054,74.5,420.25,label
1055,74.5,420.25,label
1056,74.5,420.25,label
1057,74.5,420.25,label
1058,72.83333333333333,365.8055555555556,label
1059,228.8,89396.48,label
1060,74.5,420.25,label
1061,74.5,420.25,label
1062,74.5,420.25,label
1063,74.5,420.25,label
1064,103.14285714285714,4388.693877551021,label
1065,121.5,9538.25,label
1066,74.5,420.25,label
1067,74.5,420.25,label
1068,74.5,420.25,label
1069,74.5,420.25,label
1070,74.5,420.25,label
1071,74.5,420.25,label
1072,74.5,420.25,label
1073,74.5,420.25,label
1074,78.6,403.44000000000005,label
1075,74.5,420.25,label
1076,74.5,420.25,label
1077,74.5,420.25,label
1078,74.5,420.25,label
1079,74.5,420.25,label
1080,78.6,403.44000000000005,label
1081,74.5,420.25,label
1082,74.5,420.25,label
1083,74.5,420.25,label
1084,74.5,420.25,label
1085,74.5,420.25,label
1086,74.5,420.25,label
1087,74.5,420.25,label
1088,74.5,420.25,label
1089,74.5,420.25,label
1090,74.5,420.25,label
1091,74.5,420.25,label
1092,74.5,420.25,label
1093,74.5,420.25,label
1094,74.5,420.25,label
1095,74.5,420.25,label
1096,74.5,420.25,label
1097,74.5,420.25,label
1098,74.5,420.25,label
1099,74.5,420.25,label
1100,74.5,420.25,label
1101,74.5,420.25,label
1102,74.5,420.25,label
1103,74.5,420.25,label
1104,74.5,420.25,label
1105,78.6,403.44000000000005,label
1106,78.6,403.44000000000005,label
1107,74.5,420.25,label
1108,74.5,420.25,label
1109,74.5,420.25,label
1110,74.5,420.25,label
1111,74.5,420.25,label
1112,74.5,420.25,label
1113,74.5,420.25,label
1114,74.5,420.25,label
1115,74.5,420.25,label
1116,78.6,403.44000000000005,label
1117,70.4,403.44,label
1118,116.25,3937.6875,label
1119,74.5,420.25,label
1120,74.5,420.25,label
1121,74.5,420.25,label
1122,74.5,420.25,label
1123,74.5,420.25,label
1124,67.66666666666667,373.5555555555556,label
1125,74.5,420.25,label
1126,74.5,420.25,label
1127,74.5,420.25,label
1128,74.5,420.25,label
1129,74.5,420.25,label
1130,74.5,420.25,label
1131,74.5,420.25,label
1132,251.22727272727272,97054.90289256196,label
1133,74.5,420.25,label
1134,74.5,420.25,label
1135,74.5,420.25,label
1136,77.42857142857143,411.6734693877552,label
1137,74.5,420.25,label
1138,74.5,420.25,label
1139,74.5,420.25,label
1140,74.5,420.25,label
1141,74.5,420.25,label
1142,74.5,420.25,label
1143,74.5,420.25,label
1144,74.5,420.25,label
1145,103.14285714285714,4388.693877551021,label
1146,121.16666666666667,9395.805555555553,label
1147,74.5,420.25,label
1148,74.5,420.25,label
1149,74.5,420.25,label
1150,74.5,420.25,label
1151,74.5,420.25,label
1152,74.5,420.25,label
1153,74.5,420.25,label
1154,74.5,420.25,label
1155,74.5,420.25,label
1156,74.5,420.25,label
1157,74.5,420.25,label
1158,74.5,420.25,label
1159,77.42857142857143,411.6734693877552,label
1160,74.5,420.25,label
1161,78.6,403.44000000000005,label
1162,74.5,420.25,label
1163,116.5,3990.25,label
1164,78.6,403.44000000000005,label
1165,78.6,403.44000000000005,label
1166,78.6,403.44000000000005,label
1167,74.5,420.25,label
1168,74.5,420.25,label
1169,74.5,420.25,label
1170,74.5,420.25,label
1171,74.5,420.25,label
1172,78.6,403.44000000000005,label
1173,74.5,420.25,label
1174,74.5,420.25,label
1175,74.5,420.25,label
1176,74.5,420.25,label
1177,74.5,420.25,label
1178,74.5,420.25,label
1179,74.5,420.25,label
1180,78.6,403.44000000000005,label
1181,74.5,420.25,label
1182,74.5,420.25,label
1183,74.5,420.25,label
1184,74.5,420.25,label
1185,74.5,420.25,label
1186,74.5,420.25,label
1187,74.5,420.25,label
1188,74.5,420.25,label
1189,77.42857142857143,411.6734693877552,label
1190,74.5,420.25,label
1191,74.5,420.25,label
1192,74.5,420.25,label
1193,74.5,420.25,label
1194,74.5,420.25,label
1195,74.5,420.25,label
1196,74.5,420.25,label
1197,74.5,420.25,label
1198,74.5,420.25,label
1199,74.5,420.25,label
1200,77.42857142857143,411.6734693877552,label
1201,74.5,420.25,label
1202,74.5,420.25,label
1203,74.5,420.25,label
1204,74.5,420.25,label
1205,67.66666666666667,373.5555555555556,label
1206,74.5,420.25,label
1207,74.5,420.25,label
1208,184.5151515151515,73363.09825528009,label
1209,74.5,420.25,label
1210,74.5,420.25,label
1211,74.5,420.25,label
1212,74.5,420.25,label
1213,74.5,420.25,label
1214,74.5,420.25,label
1215,74.5,420.25,label
1216,74.5,420.25,label
1217,74.5,420.25,label
1218,128.11111111111111,8822.0987654321,label
1219,74.5,420.25,label
1220,81.33333333333333,373.5555555555556,label
1221,64.25,315.1875,label
1222,78.6,403.44,label
1223,106.75,4862.6875,label
1224,74.5,420.25,label
1225,74.5,420.25,label
1226,74.5,420.25,label
1227,74.5,420.25,label
1228,74.5,420.25,label
1229,74.5,420.25,label
1230,74.5,420.25,label
1231,74.5,420.25,label
1232,74.5,420.25,label
1233,74.5,420.25,label
1234,81.33333333333333,373.5555555555556,label
1235,64.25,315.1875,label
1236,74.5,420.25,label
1237,81.33333333333333,373.5555555555556,label
1238,64.25,315.1875,label
1239,74.5,420.25,label
1240,81.33333333333333,373.5555555555556,label
1241,64.25,315.1875,label
1242,74.5,420.25,label
1243,74.5,420.25,label
1244,74.5,420.25,label
1245,74.5,420.25,label
1246,74.5,420.25,label
1247,74.5,420.25,label
1248,74.5,420.25,label
1249,81.33333333333333,373.5555555555556,label
1250,64.25,315.1875,label
1251,74.5,420.25,label
1252,74.5,420.25,label
1253,74.5,420.25,label
1254,74.5,420.25,label
1255,83.28571428571429,343.06122448979596,label
1256,64.25,315.1875,label
1257,74.5,420.25,label
1258,78.6,403.44000000000005,label
1259,81.33333333333333,373.5555555555556,label
1260,70.4,403.44000000000005,label
1261,74.5,420.25,label
1262,83.28571428571429,343.06122448979596,label
1263,70.4,403.44000000000005,label
1264,83.28571428571429,343.06122448979596,label
1265,64.25,315.1875,label
1266,74.5,420.25,label
1267,81.33333333333333,373.5555555555556,label
1268,64.25,315.1875,label
1269,83.28571428571429,343.06122448979596,label
1270,64.25,315.1875,label
1271,74.5,420.25,label
1272,74.5,420.25,label
1273,74.5,420.25,label
1274,74.5,420.25,label
1275,74.5,420.25,label
1276,83.28571428571429,343.06122448979596,label
1277,64.25,315.1875,label
1278,70.4,403.44000000000005,label
1279,81.33333333333333,373.5555555555556,label
1280,64.25,315.1875,label
1281,74.5,420.25,label
1282,78.6,403.44,label
1283,82.22222222222223,981.7283950617283,label
1284,196.78125,74105.0458984375,label
1285,134.0,13480.5,label
1286,74.5,420.25,label
1287,74.5,420.25,label
1288,74.5,420.25,label
1289,74.5,420.25,label
1290,74.5,420.25,label
1291,74.5,420.25,label
1292,74.5,420.25,label
1293,74.5,420.25,label
1294,74.5,420.25,label
1295,81.33333333333333,373.5555555555556,label
1296,64.25,315.1875,label
1297,74.5,420.25,label
1298,74.5,420.25,label
1299,74.5,420.25,label
1300,74.5,420.25,label
1301,74.5,420.25,label
1302,74.5,420.25,label
1303,74.5,420.25,label
1304,74.5,420.25,label
1305,74.5,420.25,label
1306,74.5,420.25,label
1307,74.5,420.25,label
1308,74.5,420.25,label
1309,74.5,420.25,label
1310,74.5,420.25,label
1311,74.5,420.25,label
1312,81.33333333333333,373.5555555555556,label
1313,70.4,403.44000000000005,label
1314,74.5,420.25,label
1315,78.6,403.44,label
1316,104.0,3817.2,label
1317,78.6,403.44000000000005,label
1318,81.33333333333333,373.5555555555556,label
1319,64.25,315.1875,label
1320,74.5,420.25,label
1321,74.5,420.25,label
1322,74.5,420.25,label
1323,74.5,420.25,label
1324,74.5,420.25,label
1325,74.5,420.25,label
1326,81.33333333333333,373.5555555555556,label
1327,74.5,420.25,label
1328,74.5,420.25,label
1329,74.5,420.25,label
1330,74.5,420.25,label
1331,74.5,420.25,label
1332,81.33333333333333,373.5555555555556,label
1333,64.25,315.1875,label
1334,74.5,420.25,label
1335,81.33333333333333,373.5555555555556,label
1336,64.25,315.1875,label
1337,74.5,420.25,label
1338,74.5,420.25,label
1339,74.5,420.25,label
1340,81.33333333333333,373.5555555555556,label
1341,74.5,420.25,label
1342,74.5,420.25,label
1343,74.5,420.25,label
1344,78.6,403.44,label
1345,64.25,315.1875,label
1346,74.5,420.25,label
1347,81.33333333333333,373.5555555555556,label
1348,72.83333333333333,365.8055555555556,label
1349,248.45454545454547,98119.61157024793,label
1350,74.5,420.25,label
1351,74.5,420.25,label
1352,74.5,420.25,label
1353,74.5,420.25,label
1354,74.5,420.25,label
1355,101.33333333333333,3424.8888888888887,label
1356,135.25,13982.6875,label
1357,74.5,420.25,label
1358,74.5,420.25,label
1359,74.5,420.25,label
1360,74.5,420.25,label
1361,74.5,420.25,label
1362,74.5,420.25,label
1363,77.42857142857143,411.6734693877552,label
1364,106.25,4746.1875,label
1365,74.5,420.25,label
1366,74.5,420.25,label
1367,74.5,420.25,label
1368,81.33333333333333,373.5555555555556,label
1369,64.25,315.1875,label
1370,74.5,420.25,label
1371,74.5,420.25,label
1372,74.5,420.25,label
1373,78.6,403.44000000000005,label
1374,74.5,420.25,label
1375,74.5,420.25,label
1376,74.5,420.25,label
1377,81.33333333333333,373.5555555555556,label
1378,64.25,315.1875,label
1379,74.5,420.25,label
1380,78.6,403.44000000000005,label
1381,74.5,420.25,label
1382,74.5,420.25,label
1383,81.33333333333333,373.5555555555556,label
1384,64.25,315.1875,label
1385,81.33333333333333,373.5555555555556,label
1386,64.25,315.1875,label
1387,81.33333333333333,373.5555555555556,label
1388,64.25,315.1875,label
1389,74.5,420.25,label
1390,74.5,420.25,label
1391,74.5,420.25,label
1392,74.5,420.25,label
1393,74.5,420.25,label
1394,74.5,420.25,label
1395,81.33333333333333,373.5555555555556,label
1396,64.25,315.1875,label
1397,74.5,420.25,label
1398,81.33333333333333,373.5555555555556,label
1399,74.5,420.25,label
1400,74.5,420.25,label
1401,74.5,420.25,label
1402,74.5,420.25,label
1403,81.33333333333333,373.5555555555556,label
1404,64.25,315.1875,label
1405,74.5,420.25,label
1406,74.5,420.25,label
1407,74.5,420.25,label
1408,74.5,420.25,label
1409,78.6,403.44000000000005,label
1410,78.6,403.44000000000005,label
1411,74.5,420.25,label
1412,81.33333333333333,373.5555555555556,label
1413,64.25,315.1875,label
1414,74.5,420.25,label
1415,78.6,403.44,label
1416,64.25,315.1875,label
1417,74.5,420.25,label
1418,74.5,420.25,label
1419,74.5,420.25,label
1420,74.5,420.25,label
1421,78.6,403.44000000000005,label
1422,74.5,420.25,label
1423,78.6,403.44,label
1424,89.25,1677.6875,label
1425,72.0,336.5,label
1426,226.56,89569.3664,label
1427,74.5,420.25,label
1428,78.6,403.44000000000005,label
1429,74.5,420.25,label
1430,77.42857142857143,411.6734693877552,label
1431,74.5,420.25,label
1432,74.5,420.25,label
1433,128.66666666666666,9773.333333333332,label
1434,74.5,420.25,label
1435,74.5,420.25,label
1436,74.5,420.25,label
1437,74.5,420.25,label
1438,74.5,420.25,label
1439,74.5,420.25,label
1440,74.5,420.25,label
1441,74.5,420.25,label
1442,74.5,420.25,label
1443,74.5,420.25,label
1444,74.5,420.25,label
1445,74.5,420.25,label
1446,74.5,420.25,label
1447,74.5,420.25,label
1448,74.5,420.25,label
1449,74.5,420.25,label
1450,74.5,420.25,label
1451,78.6,403.44000000000005,label
1452,74.5,420.25,label
1453,74.5,420.25,label
1454,74.5,420.25,label
1455,74.5,420.25,label
1456,74.5,420.25,label
1457,74.5,420.25,label
1458,74.5,420.25,label
1459,74.5,420.25,label
1460,74.5,420.25,label
1461,74.5,420.25,label
1462,78.6,403.44000000000005,label
1463,74.5,420.25,label
1464,74.5,420.25,label
1465,74.5,420.25,label
1466,74.5,420.25,label
1467,74.5,420.25,label
1468,74.5,420.25,label
1469,74.5,420.25,label
1470,78.6,403.44000000000005,label
1471,70.4,403.44,label
1472,116.75,4043.1875,label
1473,74.5,420.25,label
1474,78.6,403.44000000000005,label
1475,74.5,420.25,label
1476,74.5,420.25,label
1477,74.5,420.25,label
1478,78.6,403.44000000000005,label
1479,74.5,420.25,label
1480,74.5,420.25,label
1481,74.5,420.25,label
1482,74.5,420.25,label
1483,78.6,403.44000000000005,label
1484,74.5,420.25,label
1485,74.5,420.25,label
1486,74.5,420.25,label
1487,77.42857142857143,411.6734693877552,label
1488,74.5,420.25,label
1489,74.5,420.25,label
1490,78.6,403.44000000000005,label
1491,78.6,403.44000000000005,label
1492,74.5,420.25,label
1493,70.4,403.44000000000005,label
1494,66.0,296.3333333333333,label
1495,239.7391304347826,96091.9319470699,label
1496,74.5,420.25,label
1497,74.5,420.25,label
1498,74.5,420.25,label
1499,74.5,420.25,label
1500,74.5,420.25,label
1501,74.5,420.25,label
1502,74.5,420.25,label
1503,128.22222222222223,9681.061728395061,label
1504,74.5,420.25,label
1505,74.5,420.25,label
1506,78.6,403.44000000000005,label
1507,70.4,403.44000000000005,label
1508,95.0,0.0,label
1509,69.375,393.984375,label
1510,74.5,420.25,label
1511,74.5,420.25,label
1512,74.5,420.25,label
1513,78.6,403.44000000000005,label
1514,70.4,403.44000000000005,label
1515,104.0,3817.2,label
1516,74.5,420.25,label
1517,74.5,420.25,label
1518,74.5,420.25,label
1519,74.5,420.25,label
1520,74.5,420.25,label
1521,74.5,420.25,label
1522,74.5,420.25,label
1523,74.5,420.25,label
1524,78.6,403.44000000000005,label
1525,74.5,420.25,label
1526,74.5,420.25,label
1527,78.6,403.44000000000005,label
1528,78.6,403.44000000000005,label
1529,70.4,403.44000000000005,label
1530,74.5,420.25,label
1531,74.5,420.25,label
1532,78.6,403.44000000000005,label
1533,74.5,420.25,label
1534,78.6,403.44000000000005,label
1535,70.4,403.44000000000005,label
1536,74.5,420.25,label
1537,74.5,420.25,label
1538,74.5,420.25,label
1539,74.5,420.25,label
1540,74.5,420.25,label
1541,78.6,403.44000000000005,label
1542,74.5,420.25,label
1543,74.5,420.25,label
1544,74.5,420.25,label
1545,74.5,420.25,label
1546,74.5,420.25,label
1547,74.5,420.25,label
1548,78.6,403.44000000000005,label
1549,81.33333333333333,373.5555555555556,label
1550,72.22222222222223,415.06172839506166,label
1551,74.5,420.25,label
1552,74.5,420.25,label
1553,74.5,420.25,label
1554,74.5,420.25,label
1555,74.5,420.25,label
1556,74.5,420.25,label
1557,74.5,420.25,label
1558,74.5,420.25,label
1559,74.5,420.25,label
1560,74.5,420.25,label
1561,74.5,420.25,label
1562,74.5,420.25,label
1563,81.33333333333333,373.5555555555556,label
1564,67.66666666666667,373.5555555555556,label
1565,74.5,420.25,label
1566,78.6,403.44000000000005,label
1567,70.4,403.44000000000005,label
1568,74.5,420.25,label
1569,74.5,420.25,label
1570,74.5,420.25,label
1571,209.25,82532.6875,label
1572,74.5,420.25,label
1573,77.42857142857143,411.6734693877552,label
1574,74.5,420.25,label
1575,81.33333333333333,373.5555555555556,label
1576,104.5,4350.25,label
1577,74.5,420.25,label
1578,81.33333333333333,373.5555555555556,label
1579,70.4,403.44000000000005,label
1580,74.5,420.25,label
1581,74.5,420.25,label
1582,74.5,420.25,label
1583,74.5,420.25,label
1584,74.5,420.25,label
1585,128.33333333333334,9652.222222222223,label
1586,74.5,420.25,label
1587,74.5,420.25,label
1588,74.5,420.25,label
1589,74.5,420.25,label
1590,83.28571428571429,343.06122448979596,label
1591,70.4,403.44000000000005,label
1592,74.5,420.25,label
1593,74.5,420.25,label
1594,74.5,420.25,label
1595,74.5,420.25,label
1596,74.5,420.25,label
1597,74.5,420.25,label
1598,74.5,420.25,label
1599,74.5,420.25,label
1600,78.6,403.44000000000005,label
1601,74.5,420.25,label
1602,74.5,420.25,label
1603,74.5,420.25,label
1604,81.33333333333333,373.5555555555556,label
1605,70.4,403.44000000000005,label
1606,74.5,420.25,label
1607,81.33333333333333,373.5555555555556,label
1608,64.25,315.1875,label
1609,74.5,420.25,label
1610,78.6,403.44000000000005,label
1611,74.5,420.25,label
1612,74.5,420.25,label
1613,74.5,420.25,label
1614,74.5,420.25,label
1615,74.5,420.25,label
1616,74.5,420.25,label
1617,81.33333333333333,373.5555555555556,label
1618,64.25,315.1875,label
1619,74.5,420.25,label
1620,74.5,420.25,label
1621,74.5,420.25,label
1622,74.5,420.25,label
1623,74.5,420.25,label
1624,74.5,420.25,label
1625,81.33333333333333,373.5555555555556,label
1626,64.25,315.1875,label
1627,83.28571428571429,343.06122448979596,label
1628,64.25,315.1875,label
1629,74.5,420.25,label
1630,74.5,420.25,label
1631,74.5,420.25,label
1632,74.5,420.25,label
1633,81.33333333333333,373.5555555555556,label
1634,64.25,315.1875,label
1635,78.6,403.44,label
1636,104.75,4405.6875,label
1637,74.5,420.25,label
1638,74.5,420.25,label
1639,74.5,420.25,label
1640,83.28571428571429,343.06122448979596,label
1641,64.25,315.1875,label
1642,74.5,420.25,label
1643,74.5,420.25,label
1644,253.42857142857142,101469.95918367346,label
1645,74.5,420.25,label
1646,74.5,420.25,label
1647,78.6,403.44000000000005,label
1648,78.6,403.44000000000005,label
1649,127.55555555555556,8707.802469135804,label
1650,78.6,403.44000000000005,label
1651,78.6,403.44000000000005,label
1652,74.5,420.25,label
1653,74.5,420.25,label
1654,74.5,420.25,label
1655,74.5,420.25,label
1656,74.5,420.25,label
1657,74.5,420.25,label
1658,74.5,420.25,label
1659,74.5,420.25,label
1660,81.33333333333333,373.5555555555556,label
1661,70.4,403.44000000000005,label
1662,74.5,420.25,label
1663,74.5,420.25,label
1664,74.5,420.25,label
1665,74.5,420.25,label
1666,74.5,420.25,label
1667,74.5,420.25,label
1668,74.5,420.25,label
1669,74.5,420.25,label
1670,81.33333333333333,373.5555555555556,label
1671,64.25,315.1875,label
1672,74.5,420.25,label
1673,74.5,420.25,label
1674,74.5,420.25,label
1675,81.33333333333333,373.5555555555556,label
1676,64.25,315.1875,label
1677,78.6,403.44000000000005,label
1678,74.5,420.25,label
1679,74.5,420.25,label
1680,74.5,420.25,label
1681,74.5,420.25,label
1682,74.5,420.25,label
1683,74.5,420.25,label
1684,74.5,420.25,label
1685,74.5,420.25,label
1686,74.5,420.25,label
1687,74.5,420.25,label
1688,74.5,420.25,label
1689,74.5,420.25,label
1690,74.5,420.25,label
1691,78.6,403.44,label
1692,106.75,4862.6875,label
1693,74.5,420.25,label
1694,74.5,420.25,label
1695,74.5,420.25,label
1696,78.6,403.44000000000005,label
1697,74.5,420.25,label
1698,81.33333333333333,373.5555555555556,label
1699,64.25,315.1875,label
1700,74.5,420.25,label
1701,74.5,420.25,label
1702,74.5,420.25,label
1703,74.5,420.25,label
1704,74.5,420.25,label
1705,81.33333333333333,373.5555555555556,label
1706,64.25,315.1875,label
1707,78.6,403.44000000000005,label
1708,74.5,420.25,label
1709,70.4,403.44000000000005,label
1710,74.5,420.25,label
1711,74.5,420.25,label
1712,81.33333333333333,373.5555555555556,label
1713,74.5,420.25,label
1714,74.5,420.25,label
1715,74.5,420.25,label
1716,74.5,420.25,label
1717,78.6,403.44000000000005,label
1718,74.5,420.25,label
1719,74.5,420.25,label
1720,72.83333333333333,365.8055555555556,label
1721,233.70833333333334,92074.78993055558,label
1722,74.5,420.25,label
1723,74.5,420.25,label
1724,74.5,420.25,label
1725,74.5,420.25,label
1726,74.5,420.25,label
1727,102.85714285714286,4330.408163265306,label
1728,121.66666666666667,9609.888888888889,label
1729,74.5,420.25,label
1730,77.42857142857143,411.6734693877552,label
1731,74.5,420.25,label
1732,74.5,420.25,label
1733,74.5,420.25,label
1734,74.5,420.25,label
1735,74.5,420.25,label
1736,74.5,420.25,label
1737,74.5,420.25,label
1738,74.5,420.25,label
1739,74.5,420.25,label
1740,74.5,420.25,label
1741,74.5,420.25,label
1742,74.5,420.25,label
1743,74.5,420.25,label
1744,74.5,420.25,label
1745,74.5,420.25,label
1746,74.5,420.25,label
1747,74.5,420.25,label
1748,67.66666666666667,373.5555555555556,label
1749,102.83333333333333,3272.472222222222,label
1750,78.6,403.44000000000005,label
1751,74.5,420.25,label
1752,74.5,420.25,label
1753,74.5,420.25,label
1754,74.5,420.25,label
1755,74.5,420.25,label
1756,74.5,420.25,label
1757,74.5,420.25,label
1758,74.5,420.25,label
1759,77.42857142857143,411.6734693877552,label
1760,74.5,420.25,label
1761,74.5,420.25,label
1762,74.5,420.25,label
1763,74.5,420.25,label
1764,74.5,420.25,label
1765,74.5,420.25,label
1766,74.5,420.25,label
1767,74.5,420.25,label
1768,78.6,403.44000000000005,label
1769,74.5,420.25,label
1770,78.6,403.44000000000005,label
1771,74.5,420.25,label
1772,74.5,420.25,label
1773,77.42857142857143,411.6734693877552,label
1774,74.5,420.25,label
1775,78.6,403.44000000000005,label
1776,74.5,420.25,label
1777,74.5,420.25,label
1778,74.5,420.25,label
1779,74.5,420.25,label
1780,74.5,420.25,label
1781,74.5,420.25,label
1782,78.6,403.44000000000005,label
1783,74.5,420.25,label
1784,74.5,420.25,label
1785,74.5,420.25,label
1786,74.5,420.25,label
1787,74.5,420.25,label
1788,79.625,393.984375,label
1789,74.5,420.25,label
1790,74.5,420.25,label
1791,74.5,420.25,label
1792,74.5,420.25,label
1793,66.0,296.3333333333333,label
1794,218.82142857142858,81145.28954081633,label
1795,135.25,13982.6875,label
1796,74.5,420.25,label
1797,74.5,420.25,label
1798,74.5,420.25,label
1799,74.5,420.25,label
1800,81.33333333333333,373.5555555555556,label
1801,64.25,315.1875,label
1802,81.33333333333333,373.5555555555556,label
1803,64.25,315.1875,label
1804,74.5,420.25,label
1805,78.6,403.44000000000005,label
1806,74.5,420.25,label
1807,81.33333333333333,373.5555555555556,label
1808,64.25,315.1875,label
1809,74.5,420.25,label
1810,74.5,420.25,label
1811,74.5,420.25,label
1812,74.5,420.25,label
1813,81.33333333333333,373.5555555555556,label
1814,64.25,315.1875,label
1815,78.6,403.44000000000005,label
1816,74.5,420.25,label
1817,74.5,420.25,label
1818,74.5,420.25,label
1819,74.5,420.25,label
1820,79.625,393.984375,label
1821,106.75,4862.6875,label
1822,74.5,420.25,label
1823,81.33333333333333,373.5555555555556,label
1824,64.25,315.1875,label
1825,81.33333333333333,373.5555555555556,label
1826,64.25,315.1875,label
1827,78.6,403.44000000000005,label
1828,78.6,403.44000000000005,label
1829,78.6,403.44000000000005,label
1830,74.5,420.25,label
1831,81.33333333333333,373.5555555555556,label
1832,64.25,315.1875,label
1833,74.5,420.25,label
1834,74.5,420.25,label
1835,74.5,420.25,label
1836,74.5,420.25,label
1837,83.28571428571429,343.06122448979596,label
1838,64.25,315.1875,label
1839,74.5,420.25,label
1840,74.5,420.25,label
1841,81.33333333333333,373.5555555555556,label
1842,64.25,315.1875,label
1843,74.5,420.25,label
1844,74.5,420.25,label
1845,74.5,420.25,label
1846,78.6,403.44000000000005,label
1847,74.5,420.25,label
1848,74.5,420.25,label
1849,74.5,420.25,label
1850,78.6,403.44000000000005,label
1851,74.5,420.25,label
1852,78.6,403.44000000000005,label
1853,74.5,420.25,label
1854,78.6,403.44,label
1855,64.25,315.1875,label
1856,74.5,420.25,label
1857,72.0,336.5,label
1858,249.5,98587.06818181818,label
1859,74.5,420.25,label
1860,74.5,420.25,label
1861,74.5,420.25,label
1862,74.5,420.25,label
1863,74.5,420.25,label
1864,74.5,420.25,label
1865,74.5,420.25,label
1866,143.85714285714286,11295.836734693878,label
1867,74.5,420.25,label
1868,74.5,420.25,label
1869,81.33333333333333,373.5555555555556,label
1870,64.25,315.1875,label
1871,74.5,420.25,label
1872,74.5,420.25,label
1873,74.5,420.25,label
1874,74.5,420.25,label
1875,74.5,420.25,label
1876,74.5,420.25,label
1877,74.5,420.25,label
1878,74.5,420.25,label
1879,74.5,420.25,label
1880,74.5,420.25,label
1881,74.5,420.25,label
1882,74.5,420.25,label
1883,74.5,420.25,label
1884,74.5,420.25,label
1885,74.5,420.25,label
1886,74.5,420.25,label
1887,74.5,420.25,label
1888,78.6,403.44000000000005,label
1889,81.33333333333333,373.5555555555556,label
1890,64.25,315.1875,label
1891,74.5,420.25,label
1892,74.5,420.25,label
1893,74.5,420.25,label
1894,74.5,420.25,label
1895,81.33333333333333,373.5555555555556,label
1896,106.5,4804.25,label
1897,74.5,420.25,label
1898,74.5,420.25,label
1899,74.5,420.25,label
1900,74.5,420.25,label
1901,74.5,420.25,label
1902,78.6,403.44000000000005,label
1903,74.5,420.25,label
1904,74.5,420.25,label
1905,74.5,420.25,label
1906,74.5,420.25,label
1907,81.33333333333333,373.5555555555556,label
1908,64.25,315.1875,label
1909,74.5,420.25,label
1910,74.5,420.25,label
1911,81.33333333333333,373.5555555555556,label
1912,64.25,315.1875,label
1913,74.5,420.25,label
1914,74.5,420.25,label
1915,74.5,420.25,label
1916,74.5,420.25,label
1917,74.5,420.25,label
1918,81.33333333333333,373.5555555555556,label
1919,64.25,315.1875,label
1920,81.33333333333333,373.5555555555556,label
1921,64.25,315.1875,label
1922,74.5,420.25,label
1923,81.33333333333333,373.5555555555556,label
1924,64.25,315.1875,label
1925,74.5,420.25,label
1926,70.4,403.44000000000005,label
1927,74.5,420.25,label
1928,74.5,420.25,label
1929,74.5,420.25,label
1930,74.5,420.25,label
1931,74.5,420.25,label
1932,74.5,420.25,label
1933,74.5,420.25,label
1934,74.5,420.25,label
